cd_sector;NB_LOG;NB_LOGLOUE_TOT;NB_LOCDOM;prop_occup;prop_LOCDOM;prop_LOC_HBX;dist_200;cinq_plus;vingt_plus;log_sociaux;entrep_sprl_sa
21001A00-;1143;762;224;0.5009842518372704;0.29396325459317585;0.2183316930446194;0.43;0.26613869423076897;0.04622587792513995;0;0.08423955405869717
21001A011;1031;687;251;0.5002183403202329;0.3653566229985444;0.19694323144104808;0.4025;0.29849629676112927;0.03441310689476679;0;0.1018404015125219
21001A02-;256;225;29;0.136349204;0.1288888888888889;0.184148148;0.095;0.48908753088908696;0.08064344143886383;0;0.21313936694182692
21001A031;736;525;171;0.40285714266666667;0.32571428571428573;0.22375238095238095;0.21;0.30980632001838815;0.03261977573239148;0.04766444231693719;0.09538608196465471
21001A041;1173;772;189;0.5200626088082901;0.24481865284974097;0.3518717615284974;0.29;0.31382380571374935;0.06968992250763176;0;0.1044054207527763
21001A051;619;427;108;0.4496487117096019;0.2529274004683841;0.3393182409836066;0.115;0.23226061890147368;0.01424426273164565;0;0.05851755528332102
21001A07-;146;127;29;0.14960629921259844;0.2283464566929134;0.33858267637795275;0.09;0.6774193522372529;0.09677418626430796;0.00787401581003162;0.07086614229028458
21001A08-;4;4;0;0;0;0;0;0;0;0;1
21001A10-;459;293;52;0.567406143003413;0.17747440273037543;0.33463310511945393;0.155;0.2995580897567892;0.0946488752865574;0;0.11151825977521328
21001A112;1154;884;164;0.306466817760181;0.18552036199095023;0.1501659125565611;0.45;0.33958184241706396;0.04892882691162491;0.26257016938646427;0.1175793745584473
21001A120;1342;960;279;0.3978506935416667;0.290625;0.28808203114583336;0.8408125;0.22184198551866144;0.02464791878135941;0;0.04986764108415067
21001A132;443;276;66;0.6056763297101448;0.2391304347826087;0.25144927536231887;0.1001;0.2701801204405338;0.03202134760776697;0.06163142001405609;0.12177643519247908
21001A142;556;364;79;0.5278846151098902;0.21703296703296704;0.2805631868131868;0.275;0.30143608693262164;0.04549978670681081;0;0.10721847927754202
21001A152;640;416;96;0.5378004807692307;0.2307692307692308;0.30227163461538464;0.16;0.33144531775971314;0.03853641889204871;0;0.06727669537891061
21001A30-;1076;732;114;0.4703551912568306;0.1557377049180328;0.27881228852459017;0.7001000000000001;0.32349407459996726;0.06746025372084283;0.05467662874842462;0.0981718869177964
21001A31-;341;217;36;0.5698924741935484;0.16589861751152074;0.4219508456221198;0.06;0.3637073638386212;0.08128785395150522;0;0.05558796393212126
21001A32-;2150;861;32;1.4975300022067364;0.03716608594657375;0.47646922148664345;0.5724999900000001;0.08524061466157952;0.00582178360386541;0;0.01601336685322144
21001A331;72;18;2;3.0277777777777777;0.1111111111111111;0.4166666666666667;0.05;0;0;0;0.05714285714285714
21001A332;473;284;43;0.6657159573943662;0.15140845070422534;0.22535211267605632;0.16;0.3259586736409092;0.05057979418565832;0.3592350401298346;0.04571441981260052
21001A34-;823;406;38;1.0279137093596058;0.09359605911330048;0.10458949088669953;0.115;0.1948449205153961;0;0.5965483534782289;0.02465075840819127
21001A350;592;392;48;0.5097667653061224;0.12244897959183672;0.36060313418367346;0.225;0.5088579330625173;0.1031342082733268;0.17348203202841092;0.11179386240419067
21001A37-;5;3;0;0.6666663333333332;0;0.3333333333333333;0;0.5;0;0;0
21001A3MJ;6;6;0;0;0;0;0;0;0;0;0
21001A401;376;126;3;1.9825396825396824;0.0238095238095238;0.4109788365079365;0.06;0.06339144215530904;0;0;0.02377179080824089
21001A41-;1074;447;64;1.4029269185682327;0.14317673378076062;0.3876148684563758;0.225;0.22808394303024176;0.04039455842051341;0;0.10686863626804634
21001A42-;259;152;45;0.7026315789473684;0.29605263157894735;0.3417543855263158;0.08083333;0.14524128978367207;0;0;0.00183968466175462
21001A43-;680;464;95;0.4649784487068966;0.20474137931034483;0.4046685131465517;0.13666667;0.28364561676486566;0.05057247438532097;0;0.03872418432954263
21001A441;957;587;147;0.6306643935264055;0.2504258943781942;0.3056274834752981;0.40333333000000005;0.28030147674067474;0.03252826503959072;0;0.08594069588234966
21001A451;674;371;70;0.8169811320754717;0.18867924528301888;0.3319856242587601;0.375;0.2403367432247097;0.00543133882993694;0;0.07273053791212224
21001A472;235;140;28;0.6773809492857144;0.2;0.3339285707142857;0.2766;0.0739827389586162;0;0;0.05700356781906485
21001A492;0;0;0;0;0;0;0;0;0;0;0
21001A503;892;353;17;1.5251935776203966;0.04815864022662889;0.49634088725212466;0.29333333;0.07990794398857533;0.00565920283205207;0;0.0226368113282083
21001A51-;855;418;34;1.0462918657894738;0.08133971291866028;0.4206539071770335;0.345;0.1315436569039057;0.00957900286939054;0;0.05783322982394543
21001A52-;230;104;22;1.2063461538461535;0.2115384615384615;0.3230769230769231;0.06;0.11033224505473402;0.0096024582293067;0;0.09391204148261954
21001A53-;195;97;33;1.0140549793814433;0.3402061855670103;0.2001718206185567;0.04;0.23495069762522303;0;0.01034803911798861;0.1652581847142781
21001A552;714;311;33;1.2974801704180063;0.10610932475884244;0.3964790993569132;0.25;0.05592772949987169;0;0;0.09399207511429902
21001A712;375;252;59;0.4900793658730158;0.23412698412698413;0.249425;0.18;0.3804510769197405;0.02003004508364951;0;0.13897625445720915
21001A72-;1304;862;197;0.5126643464037123;0.228538283062645;0.21622196426914153;0.43520000000000003;0.31044826586792884;0.05478901669850939;0.13339932425451745;0.1276109535759953
21001A732;102;40;16;1.53775;0.4;0.171875;0.01;0.2229654403567447;0;0;0.14814814814814817
21001A74-;982;602;133;0.630260242192691;0.2209302325581395;0.31543853820598006;0.31666666;0.2876149300770322;0.03736514315947918;0.10623194215293892;0.0937961654246605
21001A783;2;2;0;0;0;0;0;0;0;0;0
21001A80-;1347;785;109;0.7157876866242038;0.13885350318471337;0.25436093401273885;0.28733333;0.11812867732652106;0.02060928549709328;0.3083823949547172;0.04662690839418638
21001A81-;844;472;24;0.7885346038135593;0.05084745762711865;0.573506355720339;0.2475;0.06731341340109592;0.02778896075624792;0;0.1269574375614473
21001A82-;849;772;2;0.09909326424870468;0.00259067357512953;0.08685880829015545;0.01;0.16593886462882096;0.06986899563318777;0.8517799352750809;0.04652427184466019
21001A83-;1439;1425;8;0.00982456070175438;0.00561403508771929;0.00140350877192982;0;0;0;0.9887719298245614;0
21001A84-;424;215;47;0.973720930232558;0.2186046511627907;0.30232868186046513;0.11;0.2151236533299072;0;0;0.08668578973049972
21001A85-;237;142;35;0.6690140845070423;0.24647887323943665;0.3173415492957746;0.06;0.3169014084507042;0;0;0.11971830985915492
21001A90-;865;584;124;0.4803139261986301;0.2123287671232877;0.23473173493150684;0.43;0.23976795308050217;0.06198878780911639;0.26689630511442985;0.04444850004405697
21001A911;950;623;136;0.5251471378812199;0.21829855537720708;0.29417335489566615;0.455;0.2922260376696098;0.00936621915607723;0;0.0348889483113489
21001A92-;1457;821;255;0.7744660982947625;0.3105968331303289;0.26448016090133986;0.6225;0.21051567968413;0.04579212760372;0;0.06389852760958911
21001A931;691;444;124;0.555217718018018;0.27927927927927926;0.28370870855855856;0.2125;0.3220520682197374;0.04823889752221459;0;0.15292573182291636
21001A941;952;578;101;0.6484865889273357;0.17474048442906576;0.39168411193771624;0.34166666;0.26225845457586483;0.01389807719243836;0;0.11426790109651248
21001A95-;1224;524;101;1.33617684389313;0.19274809160305345;0.44491094141221377;0.30269999999999997;0.15285096109273244;0.01741340063081762;0;0.03233791282937927
21001A982;0;0;0;0;0;0;0;0;0;0;0
21001B10-;1061;880;281;0.20624999988636364;0.31931818181818183;0.08409090909090909;0.405;0.3850153749144141;0.04970369630202561;0;0.07045978789496186
21001B11-;288;241;34;0.1950207468879668;0.14107883817427386;0.22406639004149376;0.050300000000000004;0.4816446563876653;0.06607929515418502;0;0.29448132780082986
21001B17-;336;189;34;0.7751322751322751;0.17989417989417988;0.14814814814814814;0.07;0.3251231559125434;0.02955665053750394;0.23239436783376316;0.14524647989610198
21001B20-;1776;1346;403;0.3198094871471025;0.29940564635958394;0.14583704754829122;0.9242857;0.3278477902148146;0.04275382581912448;0.0795021411094242;0.07429363635076006
21001B21-;1217;938;261;0.29708599936034114;0.27825159914712155;0.19694029850746267;0.8034;0.36697505688351273;0.09673518714151852;0;0.12939953590102737
21001B22-;570;472;33;0.20709745762711865;0.06991525423728813;0.21842514152542372;0.126275;0.5370789332803292;0.11403179667482484;0;0.349128618822239
21001B23-;596;465;110;0.28255913978494623;0.23655913978494625;0.19662365612903224;0.602;0.3125043418660297;0.1030641311275352;0;0.14770746789227476
21001B241;718;525;134;0.36761904742857143;0.25523809523809526;0.27787301561904765;0.7201000000000001;0.3458546181868837;0.13163064882141107;0;0.10466666704546032
21001B25-;1243;962;325;0.2923472920997921;0.33783783783783783;0.22878064885654883;0.81002;0.2742091727340987;0.03122222977800183;0;0.04629530483660611
21001B31-;367;357;23;0.02801120448179271;0.06442577030812324;0.00560224089635854;0;0.3902439024390244;0;0.8851540616246498;0.01680672268907563
21001B321;624;462;167;0.34935064870129867;0.36147186147186144;0.10649891774891776;0.20333334;0.24536266781734475;0.00543238374922251;0.16228058196948927;0.08436426521320516
21001B332;502;496;8;0.01209677419354838;0.01612903225806451;0.01814516129032258;0;0.2307692307692308;0;0.9475806451612904;0.01612903225806451
21001B372;21;17;2;0.2352941176470588;0.1176470588235294;0.5588235294117647;0;0.13333333333333333;0.13333333333333333;0;0.17647058823529413
21001B3MJ;41;32;0;0.28125;0;0;0;0.8148148148148148;0.8148148148148148;0;0.8125
21001C512;618;372;21;0.6599663978494623;0.0564516129032258;0.1640949817204301;0.065;0.05201143487431409;0;0.6095105153156862;0.05966221872385263
21001C522;289;288;0;0.00347222222222222;0;0.42136574027777773;0.01;0.46739482492616335;0.0631067967291922;0;0.22885416825593172
21001C581;15;11;0;0.3636363636363637;0;0;0;0;0;0;0.2727272727272727
21001C5MA;8;3;0;1.6666666666666667;0;0;0;0;0;0;0.6666666666666666
21001C5PA;17;6;0;1.75;0;0.7000000000000001;0;0;0;0;0
21001C611;250;80;6;2.1273669375;0.075;0.4619455637499999;0.05333333;0.052076117265105;0.01301902931627625;0;0.09998666593861004
21001C6MB;0;0;0;0;0;0;0;0;0;0;0
21001C6PB;189;80;6;1.36225;0.075;0.272;0.1;0.2669131744727472;0.04108463434675431;0;0.20632341914521377
21001C70-;102;67;10;0.5223880597014925;0.14925373134328357;0.48507462686567165;0.0125;0.5692883895131086;0;0;0.0599250936329588
21001C71-;609;404;0;0.5074257425742574;0;0.03262826287128713;0.01090909;0.03293413213094769;0;0.922437051189242;0.0049460431699155
21001C79-;54;23;8;1.3478260869565215;0.34782608695652173;0.34782608695652173;0;0.18181818181818185;0.18181818181818185;0;0
21002A00-;519;296;12;0.7523367091216216;0.04054054054054054;0.3415315310810811;0.31126667;0.13050631314448888;0.00371108006498224;0;0.1127514379711716
21002A01-;294;104;13;1.8264423076923075;0.125;0.3077884615384615;0.1475;0.02998500749625187;0.00999500249875062;0;0.10850552618933204
21002A02-;403;213;35;0.8901830985915493;0.1643192488262911;0.3937323938967136;0.11745;0.2290083825836475;0.01959430011410887;0;0.17486077373598122
21002A030;907;556;44;0.6316546762589927;0.07913669064748201;0.28512589910071945;0.2575;0.1388571170290308;0.01444756147640276;0.2372841760430213;0.0580267666868843
21002A041;243;133;18;0.8320050150375939;0.13533834586466165;0.4353609022556391;0.14;0.28100093687473354;0.00759051693340717;0;0.09477186323173004
21002A072;46;30;2;0.5166666666666667;0.06666666666666667;0.3;0;0.03278688524590164;0.01639344262295082;0;0.16393442622950818
21002A091;0;0;0;0;0;0;0;0;0;0;0
21002A10-;1235;884;23;0.3973076923076923;0.02601809954751131;0.14409125158371042;0.1655;0.2582511809714074;0.10621701640085332;0.6438326750389393;0.03676295776481979
21002A11-;445;192;18;1.3157660567708334;0.09375;0.4123263890625;0.06;0.21188996130947307;0.06531749732104596;0;0.09601143590497646
21002A12-;611;245;36;1.4936870734693877;0.1469387755102041;0.3385147387755102;0.18866665999999999;0.21321696836048007;0.04916924483894713;0;0.1279032630548377
21002A130;550;156;9;2.52980768525641;0.05769230769230769;0.3450427352564102;0.1949;0.06794049539500419;0;0;0.08279259172676333
21002A14-;163;84;13;0.9327380940476192;0.15476190476190477;0.1691666666666667;0.03;0.03887269185836211;0;0.37892243886450866;0.0608644167426117
21002A15-;98;60;5;0.6416666666666667;0.08333333333333333;0.4503333333333333;0.05;0.0588235294117647;0;0;0.03327731092436974
21002A18-;8;8;0;0;0;0;0;0;0;0;0
21002A190;15;8;0;0.875;0;0.125;0.02;0;0;0;0.125
21002A20-;598;380;60;0.5734122794736842;0.15789473684210523;0.4015745610526316;0.1;0.2694823769474345;0.0375348539806563;0;0.09502965062999232
21002A21-;1749;1020;91;0.7146209147058823;0.0892156862745098;0.3944437904901961;0.48479999999999995;0.22651413788251457;0.01666394010752743;0;0.05384214516513341
21002A22-;421;227;23;0.8559030832599119;0.1013215859030837;0.39183553568281937;0.115;0.1819671392461446;0.08647762995689712;0;0.08808610153622465
21002A23-;668;340;52;0.9645477735294116;0.15294117647058825;0.31127465;0.26880400000000004;0.13257995393217825;0.0117848847939714;0;0.07427147146946722
21002A24-;578;336;29;0.7210416663690475;0.08630952380952381;0.3611111110119048;0.1425;0.3372439289043861;0.10404333976837445;0.14297203147968554;0.11232240223122796
21002A25-;644;349;31;0.8472779366762179;0.08882521489971347;0.3046275074498567;0.4102;0.19556333854314165;0.09340338557284378;0;0.1318990242539044
21002A30-;887;752;35;0.18037898936170213;0.04654255319148936;0.16906174627659576;0.039599999999999996;0.4196305853342049;0.20178227481637653;0.06783324066049098;0.12825359428823577
21002A311;505;322;52;0.5683229810559006;0.16149068322981366;0.38987577639751553;0.165;0.2879127724959773;0.03271028036364165;0;0.10559006207900928
21002A372;239;148;8;0.6114864864864865;0.05405405405405406;0.41325;0.0225;0.15213559425176673;0.02013559335685148;0;0.1770303042224263
21002A39-;0;0;0;0;0;0;0;0;0;0;0
21002A411;267;113;10;1.3647787610619468;0.08849557522123894;0.2621234469026549;0.10944444;0.2905297277553054;0.01815810798470658;0;0.21176622274656656
21002A422;65;24;4;1.7079166666666667;0.16666666666666666;0.3979166666666667;0.01;0.04863813229571984;0;0;0.12754668930390492
21002A43-;1019;783;19;0.3004725401021711;0.02426564495530012;0.5206739034482759;0.06;0.33863006986986216;0.25017977364654953;0;0.2774805446098401
21002A441;492;180;13;1.7339166666666668;0.07222222222222222;0.3386296294444444;0.110001;0.19844388128815835;0.01759486257459892;0;0.08943735774852297
21002A45-;390;171;16;1.2857212444444444;0.0935672514619883;0.32092592573099415;0.15583333;0.15679369019590103;0.07824590777585204;0.02930288463245918;0.05251076926136685
21002A482;7;7;0;0;0;0;0;0.3333333333333333;0;0;0.2857142857142857
21002A492;5;4;0;0.1275;0;0;0.005;0;0;0;0.22048997772828507
21002A511;1237;739;75;0.6737032031123139;0.10148849797023005;0.3950699142083897;0.18;0.2218015094527272;0.0416598198810553;0.02435333994994908;0.12976451653343168
21002A52-;264;89;4;1.9581629213483145;0.0449438202247191;0.16067415730337078;0.171;0.26833581681858687;0;0;0.09928425222287716
21002A53-;774;360;11;1.1507222194444444;0.03055555555555555;0.44416018472222224;0.11;0.07583811864324332;0.00278141709980354;0;0.01938647718563067
21002A572;1;1;0;0;0;0;0;0;0;0;0
21003A00-;1233;710;108;0.7369250222535211;0.15211267605633802;0.30770422492957744;0.3085;0.3413928770747966;0.01911007317276304;0;0.12923837107679945
21003A011;581;406;47;0.432192118226601;0.11576354679802955;0.20063628891625615;0.1;0.3845244470246325;0.08959792940379786;0.33508816624240356;0.09801328862590304
21003A02-;1332;787;114;0.6930241406607369;0.144853875476493;0.3453693955527319;0.7001999999999999;0.25270048549220764;0.12416354797414296;0.03940065010688837;0.14342260259445455
21003A03-;743;388;110;0.9156185556701032;0.28350515463917525;0.22229381391752576;0.24989999999999998;0.2531934906250681;0.03164918662484464;0;0.08877858671329458
21003A04-;440;171;28;1.5735867421052632;0.16374269005847952;0.333333332748538;0.07;0.19365250394871816;0.02582033377376131;0;0.07588493487403061
21003A05-;743;377;82;0.969920424403183;0.21750663129973472;0.323236074535809;0.31996667;0.3407552292461411;0.02411446325460997;0;0.07159394233711378
21003A0AJ;421;392;1;0.07397959183673469;0.00255102040816326;0.0943877551020408;0.01;0.39189189189189194;0.13513513513513514;0.8112244897959183;0.05102040816326531
21003A10-;1450;750;97;0.9327199997333334;0.12933333333333333;0.4005283333333333;0.395;0.27944331123256677;0.10128563350939904;0.00666486838564751;0.07713918669548438
21003A11-;274;243;3;0.12757201646090535;0.01234567901234567;0.00823045267489712;0.08;0.3;0;0.9176954732510288;0
21003A212;241;144;9;0.6710416659722223;0.0625;0.3993055555555556;0.2025;0.1939461105534764;0.0138532936109626;0;0.0623398212493317
21003A283;114;65;1;0.754;0.01538461538461538;0.6075384615384616;0;0.03077396522541929;0;0;0.2692721957224188
21003A2MJ;257;145;19;0.7724827586206897;0.1310344827586207;0.3724827586206896;0.135;0.22536798366082117;0.00704274948940066;0;0.09973101593213324
21003A312;850;298;56;1.8531503359060404;0.18791946308724833;0.2533557046979866;0.15;0.21858039191611267;0.02451368927122178;0.10075187771299682;0.06028320683160976
21003A323;439;202;23;1.1714108955445546;0.11386138613861388;0.3853135311881189;0.19375;0.18035824574163897;0.04941321801140792;0;0.1037183446059452
21003A331;316;187;30;0.6885561497326202;0.16042780748663102;0.2874331550802139;0.14;0.30833878856514724;0.04911591409207502;0;0.1067613769147765
21003A342;448;143;20;2.133519811188811;0.13986013986013987;0.4102564097902098;0.06;0.29739690379453676;0.08397089048316332;0;0.03484791955051278
21003A38-;70;18;0;2.8640740555555557;0;0.5648148166666667;0.01;0.02026751196868714;0;0;0.12359957078422734
21003A41-;356;136;1;1.6186683014705885;0.00735294117647058;0.4243259801470588;0.17;0.01840114511062069;0;0;0.02944183217699311
21004A001;757;693;13;0.09205627691197692;0.01875901875901876;0.24232615497835497;0.2772;0.46852315556622137;0.19655461516641148;0;0.4663129807682827
21004A002;415;391;9;0.06265984654731457;0.02301790281329923;0.21202046010230177;0.07;0.5670650047740085;0.10816936253872332;0;0.34557480642754085
21004A01-;646;564;24;0.14539007074468083;0.0425531914893617;0.2714893617021277;0.58333333;0.3371924358816717;0.02000833707686337;0;0.2427623156357916
21004A02-;787;670;60;0.175044776119403;0.08955223880597014;0.32068656716417915;0.1525;0.47866900137058793;0.217926277144986;0;0.30099145956667184
21004A03-;1128;1012;67;0.11544795859683794;0.06620553359683795;0.2683234519762846;0.3153;0.5003016379664614;0.1881967208425262;0;0.1549382102873133
21004A04-;580;550;22;0.05410952363636363;0.04;0.20951575745454545;0.10958570999999999;0.2620711856702856;0.05531150735721867;0.4800409815349946;0.07709930931085343
21004A10-;64;56;6;0.13392857142857142;0.10714285714285714;0.17410714285714285;0.02;0.5316455696202531;0;0;0.3716814159292035
21004A12-;92;70;1;0.3107142857142857;0.01428571428571428;0.21471428571428572;0.02119;0.34481363767697193;0.05778676683039584;0;0.48162916547992024
21004A13-;786;654;30;0.2024756480122324;0.04587155963302752;0.30400568883792045;0.19135000000000002;0.3812684970162504;0.08302211919974031;0;0.3494650559617014
21004A14-;1511;1409;74;0.0720865863733144;0.0525195173882186;0.22552425897799855;0.37200000000000005;0.5401684960773426;0.2791076575648712;0.06174471260249934;0.2972259544602321
21004A15-;323;290;15;0.11551724137931034;0.05172413793103448;0.24834482758620688;0.03;0.3923364485981308;0.2866043613707165;0.21070811744386875;0.18645941278065628
21004A16-;746;689;46;0.0827288824383164;0.06676342525399129;0.11606676357039186;0.0575;0.41004384584593745;0.18464064476277856;0.42670549520248185;0.11322180387634888
21004A19-;10;10;0;0;0;0;0;0;0;0;0
21004A1MJ;13;12;0;0.08333333333333333;0;0.08333333333333333;0;0.5;0.5;0;0.75
21004A20-;1546;1371;56;0.12794553829321662;0.04084609773887673;0.20467493304157547;0.6784333300000001;0.5712928078815998;0.23526620895570916;0;0.2253187181112753
21004A21-;2526;2105;327;0.20012668294536817;0.15534441805225654;0.2014273793349169;1.34742035;0.4007945436565423;0.09568819889129224;0.07695791370232036;0.0914801570472582
21004A22-;1586;1262;229;0.2564857360538827;0.1814580031695721;0.20590893058637083;0.5127;0.3760257999291481;0.11231567680123077;0;0.10669503171987894
21004A23-;1578;1272;107;0.24097484261006288;0.08411949685534591;0.1780306602201258;0.55;0.4160204468420456;0.13542029176713327;0.2618583297159689;0.19028503045797537
21004A24-;1827;1454;161;0.25687381698762035;0.11072902338376892;0.24702361306740028;0.8906000000000001;0.3772816618712129;0.07320213872615143;0.03095210466914541;0.1789733230915772
21004A25-;1047;868;81;0.20688363986175115;0.0933179723502304;0.21958421658986177;0.22519999999999998;0.5170014068654906;0.25272849002413167;0.03457236862653077;0.29691430099714283
21004A30-;18;18;0;0;0;0;0;1;0;0;0.7777777777777778
21004A32-;832;682;3;0.21935483870967745;0.00439882697947214;0.33681818152492665;0.12029999999999999;0.2212842338973865;0.07755029725051094;0.29897995163260627;0.2517440504506509
21004A33-;1236;1105;60;0.11846153837104072;0.05429864253393665;0.16070090488687783;0.20010000000000003;0.4421324191667056;0.0786687268009495;0;0.2147174557827259
21004A34-;900;831;12;0.08358202984356197;0.01444043321299639;0.2435807657039711;0.1321;0.4769124130154267;0.205354882176225;0;0.5022922637532076
21004A35-;849;765;12;0.10988235294117649;0.01568627450980392;0.3260277776470588;0.34020000000000006;0.35674806940243725;0.12218194958782076;0;0.28825075554542223
21004A3MJ;41;41;0;0;0;0.01626016097560975;0;0.8948718178172261;0.871794894148587;0;0.8536585574063063
21004A70-;1782;1631;138;0.0927406498467198;0.08461066830165542;0.13289392992029428;0.46583333000000005;0.4204440742821631;0.14291484159540083;0.4476495335877483;0.03672565831037019
21004A71-;807;744;72;0.08512992741935484;0.0967741935483871;0.14021057325268818;0.38001199999999996;0.6422079418249438;0.23197811951305103;0;0.2637475851219806
21004A72-;753;664;70;0.13403614427710844;0.10542168674698796;0.0625;0.21;0.1741496551799713;0.01632653068332639;0.6523540497504832;0.01657250472807232
21004A811;1274;999;35;0.27569502782782784;0.03503503503503503;0.2886209540540541;0.4375;0.32584953616755225;0.191902837393732;0.1792113505406703;0.18307590815568145
21004A822;342;285;17;0.1986315785964912;0.05964912280701754;0.3429473684210526;0.16;0.19016310979731152;0.08956671693268423;0;0.3235788882303291
21004A83-;772;673;27;0.14603268945022288;0.04011887072808321;0.27578504234769685;0.38;0.47838895807063553;0.077482118913385;0;0.188788032844185
21004B10-;365;316;5;0.15395569620253163;0.01582278481012658;0.2122995775316456;0.29510000000000003;0.30482087274595693;0.1617391321224953;0;0.3364627817587746
21004B112;37;37;0;0;0;0.32432432432432434;0;0.7931034482758621;0.5172413793103449;0;0.4594594594594595
21004B13-;239;206;26;0.16237864077669903;0.1262135922330097;0.29339805825242715;0.03;0.5283500455788513;0.07292616226071102;0;0.16351252736560443
21004B1MJ;1;1;0;0;0;0;0;0;0;0;1
21004B293;105;64;4;0.64078125;0.0625;0.4221953125;0.02;0.07019144717216208;0;0;0.04633753731226656
21004B2MJ;279;225;1;0.23773333333333335;0.00444444444444444;0.459444444;0.1699;0.09114547735571132;0.01368550711046716;0;0.19451578613079257
21004B2NJ;102;101;0;0.0099009900990099;0;0.49099009900990104;0.01;0.01063829787234042;0;0;0.3538613861386139
21004B2WJ;155;138;21;0.12246376811594202;0.15217391304347827;0.3153710144927536;0.035;0.4406871939475572;0.04714623799393245;0;0.11571123951711748
21004B411;907;744;96;0.21953673924731185;0.12903225806451613;0.31569668440860216;0.4225;0.4454855916199156;0.15743056574303446;0;0.21898365513701687
21004B421;2058;1633;194;0.26021432921004284;0.11879975505205144;0.3832863849969381;0.7243999999999999;0.3227105219424425;0.0848185305366323;0;0.14252992637725417
21004B43-;2465;1780;251;0.3850617969662921;0.1410112359550562;0.3355898875280899;0.9711;0.3377377699979243;0.0719926549252724;0.05113738532211364;0.09041389412505652
21004B44-;1842;1394;138;0.3218737446197991;0.09899569583931134;0.3781995454088952;0.70001;0.25986179980732116;0.05481361646623882;0;0.1477414873600509
21004B45-;946;737;93;0.2831298066485753;0.12618724559023067;0.3618332572591588;0.23333333;0.3704735272800837;0.10689757566245751;0;0.1431736201693388
21004B49-;1;1;0;0;0;0;0;0;0;0;0
21004C501;101;85;4;0.18823529411764703;0.04705882352941176;0.2596470588235294;0.02;0.33347496206373295;0.18209408194233687;0;0.33346998535871153
21004C51-;1053;853;62;0.2347203328253224;0.07268464243845252;0.23914955615474795;0.24;0.43366660599434415;0.14392612863160217;0.03400767152629792;0.27867570483799564
21004C52-;953;748;29;0.2749420685828877;0.03877005347593583;0.3628311860962567;0.2052;0.3635996146328219;0.10540919000629928;0;0.24474857971386133
21004C53-;796;609;54;0.30753694532019704;0.08866995073891626;0.3359330589490969;0.2669;0.27330064227080886;0.05338159385836229;0;0.30587621839145757
21004C54-;1281;990;141;0.2938088091919192;0.14242424242424245;0.33442132424242427;0.34;0.372971102612383;0.06474249013289712;0;0.2156320252838141
21004C552;854;669;29;0.2751644243647235;0.04334828101644245;0.3051183355754858;0.16440000000000002;0.3754378463743432;0.21972151179974328;0;0.37105802875694305
21004C591;19;10;0;0.85;0;0.55;0;0.10526315789473684;0;0;0
21004C61-;529;404;3;0.3095957103960396;0.00742574257425742;0.22004950445544555;0.09083332999999999;0.4532571681058179;0.3650919807003327;0.11621485832679336;0.3762476635559081
21004C62-;481;301;27;0.5973660016611295;0.08970099667774087;0.35363510465116277;0.1;0.2366995349590351;0.10010169117275074;0;0.2443309556844829
21004C63-;741;490;22;0.5124183671428572;0.04489795918367346;0.3651734691836735;0.14;0.21612147572778373;0.0918270306582389;0;0.25176308432810157
21004C642;253;201;13;0.26039800945273633;0.06467661691542288;0.138399668159204;0.035;0.4203904202369652;0.385811357521768;0;0.5067278005384981
21004C65-;134;73;6;0.8399086712328767;0.0821917808219178;0.2033013698630137;0.05;0.13330817554275284;0.05660644396719867;0;0.37885683003283105
21004D600;601;601;0;0;0;0;0;0;0;1;0
21004D610;1057;960;29;0.10052083333333334;0.03020833333333333;0.06793750010416666;0.325;0.10063471175034051;0.05252790521983846;0.35087719261713035;0.04135561451261845
21004D62-;1284;1034;287;0.2413362349129594;0.2775628626692456;0.18008704061895553;0.81619047;0.2887282604244809;0.11107631303282452;0.09281928228419908;0.06476078674370474
21004D631;206;149;0;0.37926174496644294;0;0.4663982093959731;0.06333333;0.0683131147936614;0.02888503796772152;0;0.22979663138609355
21004D64-;319;238;77;0.3425210084033613;0.3235294117647059;0.1176470588235294;0.15;0.29808239984811086;0.03322574520599962;0;0.13875799394143387
21004D672;712;475;11;0.49845621031578946;0.0231578947368421;0.375968419368421;0.6151;0.1274213415700656;0;0;0.07581566145228326
21004D6MJ;5;5;0;0;0;0;0;0;0;0;0
21004D6NJ;36;32;1;0.11875;0.03125;0.10625;0.006;0.5372670807453416;0.12422360248447203;0;0.4658385093167701
21004E101;757;547;136;0.38391224826325415;0.24862888482632545;0.15349177330895794;0.205;0.24612903240696243;0.00703812316302749;0.21572212057926063;0.05862888480488888
21004E112;191;128;29;0.48958332734375;0.2265625;0.371484375;0.155;0.4476439798778816;0.04712041893451385;0;0.02298701302880755
21004E12-;1968;1478;244;0.3313599455345061;0.16508795669824086;0.16170049607577808;0.47500002;0.28988750582568407;0.05101854657764934;0.42753255495261366;0.06254467573562184
21004E130;2175;1399;356;0.5541762803431022;0.2544674767691208;0.3159173218012866;0.7223;0.28838433835727373;0.04426524782416522;0.01572131486239023;0.09749001727734488
21004E14-;1139;708;170;0.6081895685028248;0.2401129943502825;0.34066491807909605;0.16999999;0.2785483411757465;0.02253975580545173;0;0.06963123535599841
21004E180;39;39;0;0;0;0;0;0;0;0;0
21004E193;0;0;0;0;0;0;0;0;0;0;0
21004E201;2459;1566;203;0.5696785856321839;0.12962962962962962;0.4144538099616858;0.6179;0.279566896027829;0.0287392776078768;0.0753318432381071;0.1016733031478642
21004E211;342;259;23;0.3194980694980695;0.0888030888030888;0.32238738725868726;0.01;0.32896149511767325;0.12135355949289876;0.16972034780991457;0.1928254587958552
21004E222;1429;594;29;1.4060115026936029;0.04882154882154882;0.5752918062289563;0.23429998999999999;0.06147319988520966;0.00837734585767732;0;0.03353713295405996
21004E233;282;133;10;1.1194360902255638;0.07518796992481203;0.5545112781954887;0.06575;0.3362198360466459;0.06296424585305778;0;0.1885415491103337
21004E292;2;2;0;0;0;0;0;0;0;0;0
21004E70-;1840;1243;350;0.48096540619469025;0.2815768302493966;0.17177996781979082;0.61735;0.23590387363321583;0.02528618865959472;0;0.0780300942744751
21004E72-;1927;1264;442;0.5249195663765823;0.34968354430379744;0.2056078586234177;1.16249999;0.2277687413116735;0.01813445406359588;0.03402096120079789;0.05111847216705934
21004E73-;1322;902;288;0.4650122739467849;0.31929046563192903;0.2080813007760532;0.495;0.3197032604891786;0.0700603868272548;0.04653804080137385;0.07142370409561327
21004E74-;2906;1935;570;0.5014711458914729;0.29457364341085274;0.23170654620155037;1.12753333;0.27587722325486874;0.06167867848754173;0.07337654383712765;0.06903595955380461
21004E800;520;360;14;0.4467592586111111;0.03888888888888889;0.11597222166666668;0;0.32208590185836933;0.12883436147954408;0.6533827704757865;0.06392029741803544
21004E81-;545;362;48;0.507085635359116;0.13259668508287292;0.443512891160221;0.255;0.2708978328173374;0.04975674480318443;0;0.0744969040247678
21004E82-;1432;1311;19;0.09216628527841342;0.0144927536231884;0.05254513089244851;0.04;0.3529323447693351;0.06007359059903575;0.8976715459457367;0.00691748591480699
21004E83-;1993;1212;148;0.6442491757425743;0.12211221122112212;0.45434887202970303;0.44040833;0.2566035101134908;0.0469891691571268;0;0.06317410787594578
21004E8MJ;3;3;0;0;0;0;0;0;0;0;0
21004E8NJ;2;2;0;0;0;0;0;0;0;0;0
21004F511;796;414;105;0.92308373647343;0.2536231884057971;0.3702194041062802;0.16499998999999999;0.2117660032073791;0.02816688684807841;0;0.05800413183055399
21004F522;1125;503;92;1.2368873675944334;0.18290258449304175;0.415407554473161;0.30738332;0.2274959503251954;0.00121284694959929;0;0.08030045281791957
21004F531;1108;607;58;0.8248627097199341;0.09555189456342668;0.4429159800658979;0.27083333;0.3844581985407125;0.08757589943979785;0;0.12413774153914849
21004F572;104;76;1;0.3684210526315789;0.0131578947368421;0.125;0.405;0.1232876712328767;0;0;0.18421052631578944
21004F901;716;341;26;1.0997360703812316;0.07624633431085044;0.33196480938416423;0.21;0.29687437944318673;0.01985781802295563;0.1819302209571877;0.05572346606414506
21004F91-;1135;636;115;0.7839779872641509;0.18081761006289307;0.33019392012578613;0.4725;0.23569139091827704;0.01028471523259047;0;0.0863307094140831
21004F922;1035;450;99;1.2990740753333332;0.22;0.412398148;0.505;0.17771701495475226;0.01117576499526803;0;0.01538643715995303
21004F930;763;755;0;0.01059602649006622;0;0;0;0;0;1;0
21004F94-;225;186;4;0.21236559139784947;0.02150537634408602;0.02956989247311828;0.01;0;0;0.9380053908355797;0.00539083557951482
21004F953;473;228;27;1.073377192105263;0.11842105263157894;0.15570175438596492;0.18;0.18951358021045625;0;0;0.10053836337091944
21004F970;47;28;3;0.6607142857142857;0.10714285714285714;0.08928571428571429;0;0.2857142857142857;0;0;0.42105263157894735
21004F994;29;8;2;2.5625;0.25;0.375;0;0;0;0;0
21004F9MJ;219;199;6;0.10050251256281408;0.03015075376884422;0.01507537688442211;0.02;0.47368421052631576;0.05263157894736842;0;0.01507537688442211
21004G30-;952;382;25;1.493379539528796;0.06544502617801047;0.27214301884816755;0.49167907;0.1343766899429972;0.00366481878331066;0.05499328732425396;0.06907392573443402
21004G310;276;90;13;2.063888888888889;0.14444444444444443;0.2972222222222222;0.16;0.1558073654390935;0.0453257790368272;0;0.0886426592797784
21004G321;352;181;18;0.9419337016574586;0.09944751381215468;0.2513812154696133;0.2626;0.14689586008190972;0.00773136105694261;0.09374483093759411;0.099204088739254
21004G371;2;2;0;0;0;0;0;0.5;0;0;1
21004G3MJ;132;75;7;0.76;0.09333333333333334;0.3386055546666667;0.065;0.11381150402130188;0;0.18736930656279197;0.10693433995976484
21004G3NJ;116;72;1;0.6043055555555555;0.01388888888888888;0.0625;0.04;0.44167316186022343;0;0.40005518002483104;0.3168712925920817
21005A00-;2021;1463;184;0.3815288222829802;0.12576896787423103;0.2841250848940533;0.94493333;0.3669418596519437;0.08876805666273715;0.02187917018906777;0.19692164779461407
21005A01-;2078;1564;150;0.3286846406649616;0.0959079283887468;0.32655725997442453;0.7718;0.26810332540318516;0.02794090531809061;0.02749002264491894;0.10854616555844274
21005A02-;1379;998;176;0.38159485561122247;0.17635270541082165;0.3668009351703407;0.39840000000000003;0.28734310173203104;0.0541650119901062;0;0.09711434589527006
21005A031;910;757;51;0.2017381331571995;0.06737120211360634;0.17039748996036985;0.3575;0.3195491368509523;0.10943370980218838;0.166400811611665;0.13264521839901297
21005A042;1950;1403;268;0.3900035637205987;0.1910192444761226;0.30905321910192446;0.8042;0.33020417084063364;0.11323964773546792;0;0.07271204039262955
21005A051;2321;1654;204;0.40326481245465534;0.12333736396614269;0.33664864050785975;0.6572;0.34689423232956934;0.087012088766263;0.15477581541393498;0.07269626580223258
21005A082;160;98;0;0.6275510204081632;0;0.2576530612244898;0.06;0.4251497005988024;0.38323353293413176;0;0.36548223350253806
21005A10-;1823;1357;162;0.34350668474576274;0.11938098747236552;0.29213057494473105;0.5175;0.39583334878033655;0.0982576906564902;0.20929785763771205;0.07962899125969994
21005A11-;1843;1272;146;0.448850890408805;0.11477987421383648;0.3849334474056604;0.49692856999999996;0.3475269638213037;0.07820020911341079;0;0.13057815210002502
21005A12-;3354;2695;306;0.24431001855287568;0.11354359925788496;0.2871785836734694;0.7082999999999999;0.34902789318514704;0.06159184787282171;0.14951381145167394;0.08190092049832688
21005A13-;756;608;86;0.2439309210526316;0.14144736842105263;0.32245065756578944;0.305;0.41136234550511;0.08770600507621279;0.03291151743966746;0.1792756177973566
21005A14-;1766;1214;106;0.4547196027182866;0.08731466227347612;0.3515559855024712;0.71625;0.2252492833046364;0.03002441177431778;0;0.18529840735265032
21005A15-;1009;661;64;0.5266236506807868;0.09682299546142208;0.3374140189107413;0.26675294;0.21507634089841465;0.03466546956675667;0;0.18465654671260276
21005A20-;1219;962;61;0.2668262294178794;0.06340956340956341;0.3768782047817047;0.3151;0.29633150824156773;0.05444389349398199;0;0.2213664556759097
21005A21-;474;342;29;0.38631578918128656;0.0847953216374269;0.3649220271929825;0.15960000000000002;0.24031961793739173;0.04478412441679803;0;0.12970931760495616
21005A22-;659;478;74;0.37778242656903765;0.15481171548117154;0.2907357041841004;0.4302;0.25119555667900273;0.07292702874352255;0;0.1367038066482631
21005A29-;0;0;0;0;0;0;0;0;0;0;0
21005A311;874;519;1;0.6848947976878612;0.00192678227360308;0.3388631978805395;0.375;0.21849389711728015;0.11435698073949337;0.23141916437177928;0.07492195446536354
21005A322;165;165;0;0;0;0;0;0;0;0.9818181818181818;0
21005A33-;849;607;64;0.3978088960461285;0.10543657331136738;0.35951674859967053;0.3125;0.34374982850753966;0.08610347290087352;0;0.11320941179432097
21006A001;1215;700;96;0.7359428571428571;0.13714285714285715;0.30878095214285717;1.045;0.28999313724222714;0.07682615800628793;0;0.11570118063416646
21006A011;1134;635;134;0.7857322822047244;0.2110236220472441;0.2618110236220472;0.48269998999999997;0.2802748151223238;0.03787497501653023;0.00944792918837792;0.10781630365706645
21006A02-;349;349;0;0;0;0;0;0;0;0.997134670487106;0
21006A03-;372;150;5;1.4766666666666666;0.03333333333333333;0.4533333333333333;0.0327;0.0464451827242525;0.00664451827242524;0;0.01308970099667774
21006A042;417;216;47;0.9274691291666666;0.2175925925925926;0.2900462958333333;0.28;0.1907977392028206;0.06595477404541947;0;0.14102959346447333
21006A052;1083;637;106;0.7003924645211931;0.1664050235478807;0.34208529529042386;0.67908466;0.2138915747726731;0.05655651656641663;0;0.07848001944657626
21006A073;0;0;0;0;0;0;0;0;0;0;0
21006A094;249;170;2;0.46176470588235297;0.01176470588235294;0.1588235294117647;0.05;0.01869158878504672;0;0.00586510263929618;0.01173020527859237
21006A101;1935;1277;242;0.5154085097885669;0.1895066562255286;0.3616737147220047;0.7925;0.3411004645727094;0.08831533498509278;0;0.04013707083335422
21006A11-;342;105;3;2.255555551428571;0.02857142857142857;0.4968253971428572;0.01;0.12361331286891485;0.01901743274906382;0;0.02852614912359573
21006A12-;319;319;0;0;0;0;0;1;1;0;0
21006A13-;667;394;26;0.6923472081218275;0.06598984771573604;0.4305132835025381;0.29;0.3605488430126844;0.0409734013047575;0;0.03022834859550613
21006A142;545;399;51;0.3646616538847118;0.12781954887218044;0.3519214701754386;0.435;0.49168648201457815;0.23778071390753672;0;0.05371714655405615
21006A153;513;362;104;0.417817679558011;0.287292817679558;0.23693600359116024;0.278;0.383805576734777;0.04422944034341241;0;0.10366275080487285
21006A171;115;115;0;0;0;0;0;1;1;0;0
21006A201;942;491;87;0.9194568898167008;0.17718940936863545;0.44832993808553967;0.255;0.34141829541127044;0.09390659855185744;0;0.08123412974124605
21006A21-;463;371;2;0.24797843665768193;0.00539083557951482;0.07547169811320754;0.155;0.00714285714285714;0;0.8113207547169812;0
21006A22-;1019;434;13;1.3470679723502306;0.02995391705069124;0.4536309520737327;0.35;0.0506556225106848;0.00466013086574837;0;0.01605352722284479
21006A23-;1419;952;65;0.49048552594537814;0.06827731092436974;0.5221212650210084;0.3175;0.26847475528414627;0.04337070107734001;0;0.12735972943061702
21006A24-;242;242;0;0;0;0;0;0;0;1;0
21006A25-;506;506;0;0;0;0;0;0;0;1;0
21006A272;103;61;2;0.6885245901639344;0.03278688524590164;0.6886885245901639;0.01;0.42622950819672134;0.29508196721311475;0;0.11459016393442624
21006A312;283;185;16;0.527027027027027;0.08648648648648649;0.28293693675675674;0.04;0.3824451434636059;0.3134796257898409;0;0.27487870768128686
21006A323;337;332;0;0.01506024096385542;0;0;0;1;1;0;0
21006A37-;0;0;0;0;0;0;0;0;0;0;0
21006A403;828;445;26;0.8591202251685394;0.05842696629213483;0.4107823968539326;0.26875;0.20091589063136073;0.05122336544836868;0;0.15838686078199973
21006A414;1545;796;17;0.9403182562814072;0.02135678391959799;0.43508710188442207;0.335;0.18052463895271417;0.1075078421563841;0;0.27174622925389236
21006A474;151;85;13;0.7823529411764706;0.15294117647058825;0.52709804;0.06166667000000001;0.2874251462583815;0.11976047760765896;0;0.1305325428339344
21006A48-;9;3;0;2;0;1;0;0.3333333333333333;0;0;0
21006A515;414;251;63;0.647410358565737;0.250996015936255;0.14952025219123505;0.15;0.3891170447191665;0.18069815269280556;0;0.21073558731902817
21007A00-;1290;876;143;0.47255707636986305;0.1632420091324201;0.367943302739726;0.33;0.3638624417690732;0.06623324340345071;0;0.07354753327802563
21007A01-;563;342;71;0.6444340029239767;0.20760233918128657;0.32486354795321637;0.18;0.35366061395842024;0.0907628905907413;0;0.12284855297031431
21007A02-;264;107;30;1.4692834859813084;0.2803738317757009;0.3042679121495327;0.0751;0.24373924912769307;0.01911680385315239;0;0.06537235101643549
21007A03-;459;339;14;0.3539970501474926;0.04129793510324484;0.08112094395280237;0.1;0.01428673476676905;0;0.7935220283485007;0.00883493856841546
21007A04-;406;360;10;0.12851562472222222;0.02777777777777777;0.03676215277777778;0;0;0;0.9034443814541092;0.00555965773202528
21007A05-;333;171;22;0.947426894736842;0.1286549707602339;0.3598830409356725;0.17;0.27404110006707727;0.03658759680468321;0;0.18387040177788175
21007A06-;289;220;42;0.3114090909090909;0.19090909090909092;0.34790909090909095;0.235;0.3469545104086353;0.0362828246178965;0;0.09941493945303642
21007A071;344;118;15;1.9111864398305085;0.1271186440677966;0.3009322042372881;0.145;0.2208327625492237;0.00433005399782579;0;0.24427751292449976
21007A082;21;21;0;0;0;0.09523809523809525;0.05;0;0;0;0.5714285714285714
21007A101;1249;869;159;0.4372957421173763;0.18296892980437285;0.226900652013809;0.2261;0.3150582541325398;0.09070656101584464;0.21178880969949135;0.08791537654808233
21007A111;213;138;0;0.542572463768116;0;0.08544685942028984;0.04;0;0;0.8325791915480847;0
21007A12-;121;63;3;0.923809523809524;0.04761904761904761;0.22285714285714284;0.1499;0.34936305732484074;0.03184713375796178;0;0.37054140127388535
21007A132;76;40;8;0.90025;0.2;0.2164166675;0.01;0.02649708532061473;0;0;0.10065425264217412
21007A142;715;341;45;1.0981793750733138;0.13196480938416422;0.3451808404692082;0.526875;0.09943216297603348;0.02959785843518509;0;0.03215756720663346
21007A201;1307;738;120;0.7707224467479675;0.16260162601626016;0.3108525291327913;0.49219999999999997;0.26016769507901344;0.060439675249239;0;0.08710401106629068
21007A21-;330;250;1;0.31698083200000005;0.004;0.2284007128;1.0226;0.04609722185522594;0.02029147067791827;0;0.05151277547779447
21007A239;1704;925;94;0.8418252247567567;0.10162162162162162;0.35489952756756754;1.03792133;0.1955356007155392;0.07465963810867339;0;0.08189102462924286
21007A242;329;168;6;0.957440476190476;0.03571428571428571;0.4380357142857143;0.13;0.12880703021548093;0.05964848922595402;0;0.07065540620911145
21007A252;125;125;0;0;0;0;0;0;0;1;0
21007A291;3;3;0;0;0;0;0;0;0;0;0.3333333333333333
21007A373;5;4;1;0.25;0.25;0;0;0;0;0;0.7475
21007A40-;747;503;133;0.483300198807157;0.2644135188866799;0.22974817773359843;0.31760001;0.20304319369238225;0.04410176665492664;0.16287076163353575;0.03380561418296071
21007A41-;187;105;55;0.78095238;0.5238095238095238;0.1523809523809524;0.03666667;0.20192307478735205;0.06730769159578402;0;0.03809523769614512
21007A50-;1487;1001;247;0.4850882447552448;0.24675324675324675;0.302194472027972;0.655;0.29609828274873873;0.06331832905416303;0;0.0757484443768834
21007A51-;457;263;72;0.7345627372623574;0.2737642585551331;0.27845880874524714;0.125;0.2633122135279045;0.04206876323612127;0;0.1132927645113665
21007A52-;313;178;26;0.7562921359550562;0.14606741573033707;0.36602996235955054;0.1;0.1835072842081015;0.03154031447326744;0;0.1684045307886839
21007A53-;1255;795;146;0.5785786159748428;0.18364779874213835;0.28654507333333334;0.395;0.3408755624639528;0.06567350744993362;0;0.07963221520664951
21007A541;330;215;25;0.5346511627906977;0.11627906976744186;0.2283565893023256;0.08;0.3791026147157278;0.12641435837130605;0;0.09203883509442926
21007A552;111;57;12;0.9480473666666668;0.21052631578947367;0.29385964912280704;0.015;0.23379251333726608;0.08934745960271212;0;0.1752400310820855
21007A60-;1646;1142;376;0.4412230003502627;0.329246935201401;0.19705750148861645;0.8733333299999999;0.3161164802354681;0.05990411658993483;0.00875605116664555;0.06796271794526942
21007A61-;2246;1597;440;0.4064495917971196;0.27551659361302444;0.2814008765184721;0.7045;0.3614142578592597;0.0661298591645109;0.02755804644503362;0.04145607032265398
21007A70-;1990;1311;189;0.5183521487414188;0.1441647597254005;0.33085006918382914;0.63319999;0.35288867797165496;0.12846061306865875;0;0.12083477542952742
21007A71-;280;215;27;0.30392247906976744;0.12558139534883722;0.3477209306976744;0.05;0.3847064593232725;0.04517345628138271;0;0.13399506829159433
21007A72-;2544;1727;219;0.4730597367689635;0.12680949623624782;0.28697537915460336;0.7703;0.3087435712569531;0.07004287918337866;0.0931991628675676;0.09157745112352889
21007A73-;1253;840;95;0.49135912595238096;0.1130952380952381;0.31674404749999996;0.29914445;0.3173545088170167;0.03020148378885146;0;0.2067591835372977
21007A75-;569;348;79;0.6359409066091954;0.22701149425287356;0.2931130267241379;0.165;0.23344539300618528;0.08170588714363541;0;0.07658346113409624
21007A783;283;196;26;0.44392857142857145;0.1326530612244898;0.3143027214285714;0.09;0.502082918273573;0.3001582663592013;0;0.18034346343817317
21007A79-;6;4;1;0.5;0.25;0.25;0;0;0;0;0
21007A814;126;86;29;0.4680232546511628;0.3372093023255814;0.1946511627906977;0.039900000000000005;0.24454810583726172;0;0;0.13994169079890184
21008A00-;559;363;50;0.5399449035812672;0.13774104683195593;0.3665013752066116;0.2;0.2804154369238086;0.03264095032975549;0.04132231496027141;0.18443526577267805
21008A01-;289;173;26;0.6730924849710983;0.15028901734104047;0.2480057803468208;0.09;0.2383623105550049;0.02639305860816663;0.08692880525807493;0.06934021032752444
21008A02-;1322;889;147;0.48634795748031495;0.16535433070866143;0.3896280465691789;0.40749999000000003;0.35343333328487003;0.06694242909729481;0;0.0809013879682519
21008A10-;1487;982;215;0.5150874062118126;0.2189409368635438;0.3290303234215886;0.31433333;0.3000977840946665;0.0479953502053526;0.03667515942432783;0.08657375132998275
21008A19-;0;0;0;0;0;0;0;0;0;0;0
21008A20-;1772;1003;78;0.7671036888334996;0.07776669990029911;0.46501495473579263;0.39299999999999996;0.29602221940265583;0.0750910547923907;0;0.10877416402310536
21008A21-;1140;376;25;2.0319585343085107;0.06648936170212766;0.4927755039893617;0.158447;0.21565951297388225;0.08037000483498716;0;0.09720400595187031
21008A220;1624;1394;15;0.16481348615494978;0.01076040172166427;0.04758488766140602;0.05;0.06626173379418554;0;0.8910145263667193;0.00286961200118106
21008A23-;99;40;2;1.475;0.05;0.375;0.02;0.17857142857142855;0.03571428571428571;0.1;0.075
21008A240;711;271;10;1.623708486715867;0.03690036900369004;0.4028105778597786;0.26999998999999997;0.1598661590998403;0.0446138118418159;0;0.0300027678826552
21008A27-;2;1;0;1;0;0;0.01;0;0;0;0
21008A29-;3;3;0;0;0;0;0;0;0;0;0
21008A30-;606;290;67;1.088735631724138;0.23103448275862068;0.1738505748275862;0.155;0.16885355462406665;0;0.1517808375994339;0.04139477389075469
21008A31-;192;100;12;0.92;0.12;0.41751;0.13;0.235;0.03;0;0.07998999999999999
21008A32-;802;442;54;0.8148529416289593;0.12217194570135746;0.4046229257918552;0.23333333;0.22097240929275855;0.07432818807753595;0;0.10095045536990233
21008A33-;560;316;73;0.7718354430379747;0.2310126582278481;0.3703375525316456;0.1925;0.3735867147032472;0.04471414897704934;0;0.07375830456741
21008A34-;228;40;0;4.716458325;0;0.419114585;0.02;0.01882451354256838;0;0;0.02509935139009118
21008A35-;140;23;0;5.104025130434783;0;0.34782608695652173;0.02;0.1326997832835606;0.0442332610945202;0;0
21008A38-;1;1;0;0;0;0;0;0;0;0;1
21009A00-;1322;1012;137;0.30609683804347826;0.13537549407114624;0.28729578389328064;0.613;0.314290824630585;0.06054475375673236;0;0.17890421689321342
21009A01-;994;760;136;0.3078201746052632;0.17894736842105263;0.27968311394736844;0.485;0.38678603190629046;0.04561607767785009;0.01973537064381823;0.13849405946391086
21009A02-;1613;1195;291;0.3499478939748954;0.24351464435146444;0.2934358437656904;0.98601066;0.3620117808610406;0.05987483087741371;0;0.08596729871549216
21009A03-;1032;718;130;0.4375116054317548;0.181058495821727;0.3162124884401114;0.4286;0.33019378221170237;0.06925726745168168;0;0.11239866710603928
21009A041;1581;1270;157;0.24496587937007877;0.1236220472440945;0.2937748030708662;0.9566666600000001;0.44946816589307115;0.09164699723408312;0;0.1541603514769793
21009A051;622;532;51;0.16901629116541353;0.09586466165413532;0.32154135300751885;0.49520000000000003;0.5712863411032554;0.12498599810078492;0;0.23490937137559464
21009A101;874;669;75;0.3060986544095665;0.11210762331838564;0.2644045838565023;0.32409999999999994;0.3884188367054977;0.04998036501725154;0.10310510771583216;0.07795642709470962
21009A111;1404;1036;244;0.3553130174710425;0.23552123552123552;0.2178202563706564;0.5642;0.3245495417349049;0.04340396649354892;0;0.11480581084409648
21009A121;740;530;64;0.39734466566037735;0.12075471698113208;0.28289962245283024;0.40283333;0.31110994449461443;0.09027016417645184;0;0.21044857798310876
21009A13-;743;544;57;0.36498161746323526;0.10477941176470588;0.32041973033088234;0.3031;0.28056612663325425;0.04307807674340663;0;0.18511158080007423
21009A151;504;369;91;0.36781029837398377;0.24661246612466128;0.34652899728997294;0.17;0.2453727391388461;0.04668965404745123;0;0.15291699807227907
21009A192;0;0;0;0;0;0;0;0;0;0;0
21009A20-;1555;1178;213;0.3199702884550085;0.1808149405772496;0.30572835322580644;0.66405;0.32403283397574023;0.05076517553595124;0;0.12008524319042432
21009A21-;1707;1407;116;0.21375621890547264;0.0824449182658138;0.339408821464108;0.6104999999999999;0.44247342162460385;0.10323789826482484;0;0.22244878122234205
21009A22-;2599;1944;129;0.33688614475308637;0.06635802469135803;0.3811316156378601;0.6791685;0.3310059236414542;0.0961346677442666;0;0.14267256199489686
21009A23-;1380;921;66;0.49862649272529863;0.07166123778501629;0.3656541196525516;0.3754;0.238868940519051;0.04743140021736235;0;0.20412299218928429
21009A29-;1;1;0;0;0;0;0;0;0;0;0
21009A2MJ;667;664;7;0.00451807228915662;0.01054216867469879;0.7187600397590361;0;0.4907276933453333;0.2502177543762309;0;0.17510723259903518
21009A301;639;410;29;0.5589707304878049;0.07073170731707316;0.4059398368292683;0.155;0.30359215632117664;0.10595778536119838;0;0.13649828578686357
21009A311;193;140;16;0.3822142842857143;0.11428571428571428;0.3324285714285714;0.21;0.23339522961761192;0.03009609656546866;0;0.09399060442185612
21009A33-;2526;1876;139;0.3465085997334755;0.07409381663113006;0.2850622954157782;0.4921;0.28882141133223455;0.04800218986951052;0.21801509811792755;0.08070822984360737
21009A34-;269;235;0;0.14401702127659574;0;0.02553191489361702;0.02;0.1984520738241715;0;0.9142866862848492;0.0127574886458351
21009A40-;1181;890;112;0.3265970841573034;0.1258426966292135;0.27202125921348314;0.28885;0.3860982294023802;0.10782839792861026;0;0.2210056160612097
21009A41-;1323;995;107;0.3295842544723618;0.10753768844221104;0.3513432647236181;0.6454000000000001;0.38482864944992334;0.09840366292162166;0;0.20051024198446443
21009A42-;1624;1116;138;0.45522102598566305;0.12365591397849462;0.3242862403225807;0.47;0.302226286631622;0.12990305988923267;0;0.15798520634246818
21009A43-;1040;734;141;0.41702815626703;0.19209809264305175;0.3081471385558583;0.425;0.2862169735413126;0.03687974061150976;0;0.14455917513506364
21009A44-;1096;831;80;0.3185980742478941;0.09626955475330928;0.26092960288808664;0.27045;0.3613038140636768;0.09022317088310754;0;0.12342137205314992
21009A451;1435;1083;113;0.3258618032317636;0.10433979686057249;0.28551862096029546;0.4428;0.3692122526962098;0.08218518573826124;0.01847560840308031;0.21773504503030153
21009A501;364;317;19;0.14750788643533122;0.05993690851735016;0.29283385899053627;0.04;0.38213941884249947;0.15580457106581594;0;0.28201314871801647
21009A512;192;161;22;0.19047619254658385;0.13664596273291926;0.4481262937888199;0;0.1328913978240876;0;0;0.19989876932846137
21009A52-;1696;1267;278;0.33866090118389897;0.21941594317284924;0.22972241760063145;0.92083333;0.24694055757359704;0.04648546471237431;0.13343264362335136;0.07723302484755165
21009A53-;2116;1734;173;0.2204190692618224;0.09976931949250288;0.320695138177624;0.9132033300000001;0.3387201905349988;0.0932867271804956;0.00172982381030247;0.1913304105710134
21009A542;441;361;14;0.22120036842105265;0.03878116343490304;0.3705817174515236;0.075;0.35851893419264513;0.03397922662457387;0;0.19637030803410624
21009A552;805;678;28;0.18793510324483775;0.04129793510324484;0.2839875122418879;0.41363334;0.4217402448392527;0.11114198388441232;0;0.28821356387294755
21009A593;0;0;0;0;0;0;0;0;0;0;0
21009A602;189;154;26;0.22170686363636363;0.16883116883116883;0.4619016694805194;0.09;0.4024547820005308;0.01356589160432065;0;0.05834412634915935
21009A612;1520;1133;234;0.34138275984112976;0.20653133274492497;0.2892012357458076;0.508;0.41924088052713865;0.0949636651732469;0.00617712463254715;0.108961536441914
21009A623;194;147;27;0.31993197210884355;0.1836734693877551;0.3087412693877551;0.05;0.2789925443944556;0.05443756963794255;0;0.2240834093095243
21009A63-;1530;1145;227;0.3355966228820961;0.19825327510917032;0.3789039302183406;0.5439;0.36898318539694475;0.06597607555882141;0;0.12305184557011054
21009A652;1106;744;21;0.4864784946236559;0.0282258064516129;0.2773521505376344;0.1804;0.07421400604008904;0.01349345564365255;0.3428986360125614;0.03794744905205679
21009A712;523;407;46;0.2843488945945946;0.11302211302211304;0.22428439803439804;0.256;0.407530021365653;0.07194003758735283;0;0.2644305437693889
21009A72-;1029;797;85;0.2916231410288582;0.10664993726474278;0.34321852785445417;0.3862;0.322633323023204;0.09914631485249152;0;0.1831470217486603
21009A73-;1636;1140;136;0.434968126754386;0.11929824561403508;0.3114540934210526;0.5509000000000001;0.25655210088717445;0.06634118992537205;0;0.18653401293760136
21009A802;160;118;7;0.3600847457627119;0.05932203389830508;0.1483898305084746;0.085;0.5493090721826452;0.3604840786198609;0;0.2127478512467024
21009A812;232;133;15;0.7466165413533834;0.11278195488721804;0.2376699248120301;0.1002;0.1803837212710739;0.01127398257944212;0.3315754808974844;0.02984179328077359
21009A82-;724;446;20;0.6248355726457399;0.04484304932735426;0.36707096569506725;0.2351;0.16922579541167557;0.0398706702643358;0.09869988239411027;0.1209746513071447
21009A83-;237;231;0;0.02424242424242424;0;0.02453102424242424;0.01;0.12195122694824552;0;0.5790838400133269;0.02045519887837164
21009A90-;726;535;98;0.3582591904672897;0.18317757009345795;0.29132336448598134;0.22010000000000002;0.430214616157284;0.10420488832895364;0.00373967149642192;0.18197615468738737
21009A911;796;526;89;0.51498098878327;0.16920152091254753;0.3354562737642585;0.4;0.31718227987032527;0.0325343013783766;0;0.10190194153904296
21009A922;155;128;10;0.21562500078125;0.078125;0.3441375;0;0.4463740739219574;0.12110642843397834;0;0.18808659521577184
21010A00-;2792;1436;210;0.9444353061977716;0.14623955431754876;0.311861072632312;1.1483333199999999;0.24502498169584397;0.04543391353324855;0.01671358583058094;0.09280218532430068
21010A01-;2123;1520;195;0.3965087407236842;0.12828947368421054;0.16514100861842104;0.3533;0.2764279614900253;0.01939222082183859;0.4051813989259447;0.06110609084451341
21010A02-;1831;1068;171;0.7144928207865168;0.1601123595505618;0.3153885759363296;0.6393;0.32454019934996303;0.0682521762149043;0;0.09962033889263718
21010A03-;1471;900;180;0.6349999996666666;0.2;0.2589009257777778;0.48833333;0.2852779829870484;0.06799985956952892;0;0.1495141181311123
21010A04-;1983;1216;174;0.631469709375;0.14309210526315788;0.33127192968749997;0.6451;0.35856520440404727;0.1691833896562187;0;0.1561324865329227
21010A05-;2434;1568;241;0.5521322275510204;0.15369897959183673;0.34571605714285714;1.2375;0.3827968232579343;0.07051959633760516;0.07589065238388637;0.06424558253069507
21010A092;1;1;0;0;0;0;0;0;0;0;0
21010A10-;1038;617;85;0.6833873576985414;0.13776337115072934;0.4232880871961102;0.33;0.3553129810801145;0.0343851272013014;0;0.1346620280139718
21010A111;1571;687;24;1.2868558934497816;0.03493449781659388;0.4082087981077147;0.585;0.14518959398330317;0.07645389853684469;0;0.09458439447558216
21010A121;603;313;51;0.9267092651757188;0.16293929712460065;0.26487752939297127;0.1234;0.28669480875197373;0.10633841394644412;0;0.14039511058628285
21010A13-;2135;1042;86;1.0490151948176585;0.08253358925143954;0.3970748558541267;0.25;0.17748414886059394;0.05234559091551864;0.1545516179610026;0.03636282787802968
21010A141;1948;1331;135;0.4639969947407964;0.101427498121713;0.2507237664913599;0.7445;0.2241620711464684;0.04008943942643237;0.3291946030814614;0.0672143227250573
21010A182;1;0;0;Inf;0;0;0;0;0;0;0
21010A1AJ;1191;399;5;1.984726145112782;0.012531328320802;0.4801318293233083;0.28833333;0.06283023601895928;0;0;0.1363257143162026
21010A21-;1725;1128;203;0.5289346915780141;0.1799645390070922;0.36633421976950353;0.61093333;0.3231645262770767;0.05574575198022645;0;0.09199067127292132
21010A312;354;177;27;0.9982674175141244;0.15254237288135594;0.28323917118644065;0.075;0.09102760142908776;0;0.11843886403343108;0.03942322188541349
21010A393;52;28;8;0.8571428607142858;0.2857142857142857;0.25;0.05;0.22222221481481505;0;0;0.07142856913265314
21010A493;27;27;0;0;0;0;0;0;0;0;0.03703703703703703
21010A4MJ;207;207;0;0;0;0;0;0;0;0;0
21011A00-;920;654;185;0.4059480120795107;0.28287461773700306;0.24533256865443423;0.58;0.30043076381754796;0.02664269356205152;0.03821446734399133;0.06114314775038613
21011A01-;1742;1219;185;0.4289964442986054;0.15176374077112387;0.1981829365873667;0.74333333;0.2567995364095462;0.04018359199330064;0.2747880247505779;0.02789463845556264
21011A02-;836;633;100;0.32071090047393364;0.1579778830963665;0.22639810426540288;0.344;0.3423400073435711;0.03563791874554525;0.2559282137158565;0.03473988530624496
21011A10-;1225;686;61;0.7869436344023323;0.08892128279883382;0.4534718172011662;0.27;0.27276148491515756;0.024796763834681;0;0.07867867301427607
21011A11-;960;470;34;1.0422695042553192;0.07234042553191489;0.4670780134042553;0.305;0.2772701027868789;0.102256548408362;0;0.08032849441705577
21011A12-;1062;506;46;1.0978458498023715;0.09090909090909093;0.4125428185770751;0.3465;0.11789428961364076;0.00799283319414513;0;0.07487437114191514
21011A20-;1759;1171;281;0.5014631375747225;0.23996584116140052;0.34986051810418445;0.615;0.3349399151239244;0.10600487276155776;8.537473802135201e-4;0.10490847808063734
21011A29-;0;0;0;0;0;0;0;0;0;0;0
21011A30-;1127;811;215;0.3904069050554871;0.2651048088779285;0.24090012330456229;0.7001999999999999;0.3390193760045864;0.1268518288006064;0;0.13558444137777723
21012A00-;881;727;99;0.21141678156808805;0.1361760660247593;0.16014672159559837;0.59;0.4716741608164413;0.07770073961645071;0.261327935444729;0.05724457196426116
21012A011;435;295;106;0.4734802237288136;0.3593220338983051;0.2098813559322034;0.41666665999999997;0.21025720399185324;0;0;0.01687980413278013
21012A02-;414;399;4;0.03884711754385965;0.0100250626566416;0.05511278195488722;0.04;0.31325301129336625;0;0.7929736509929802;0.01257214554264186
21012A03-;714;576;167;0.2395486111111111;0.2899305555555556;0.06351273142361111;0.1476;0.34442257743769467;0.01587200817685229;0.32811360773603976;0.00520815250374666
21012A041;848;697;206;0.21592539454806312;0.29555236728837875;0.05451936872309899;0.085;0.2374010820911251;0.05747605145364081;0.3772412137179226;0.03442505372330852
21012A05-;426;315;139;0.35449735206349203;0.44126984126984126;0.07367724857142857;0.08875;0.4196345122554473;0.07735198382588891;0;0.00953718176986359
21012A10-;947;679;274;0.3938396789396171;0.40353460972017674;0.14247282415316642;0.46223808;0.3102932617448578;0.07249602292216889;0;0.04062937695972157
21012A11-;553;410;70;0.3489268292682927;0.17073170731707318;0.1596829268292683;0.08;0.4315308363506856;0.05342197423873687;0.08049958530516661;0.15124164511879787
21012A12-;457;321;88;0.424195223364486;0.27414330218068533;0.2815196261682243;0.295;0.32281668312726686;0.11944217239876222;0;0.08364161584238018
21012A13-;477;338;88;0.4105473869822486;0.2603550295857988;0.44821000591715976;0.07333333;0.33612769101624795;0.1786935107769454;0.00295798210497852;0.03839460772262124
21012A141;1029;849;239;0.21247563945818612;0.28150765606595995;0.09952885747938751;0.145;0.2951903718734433;0.1373841982304076;0.3617572168553594;0.05890632987165932
21012A152;2028;1529;637;0.3262480913015043;0.4166121648136037;0.1923021583387835;0.9754761999999999;0.2552715314089899;0.02505252776537608;0;0.0294125570586013
21012A172;463;373;88;0.2395621096514745;0.2359249329758713;0.02953529919571045;0.18136399999999997;0.13226769340669192;0;0.48217299411737086;0.00642897325489827
21012A20-;800;642;27;0.24649532710280375;0.04205607476635514;0.08476116308411215;0.09;0.758821765833606;0.5941088355584446;0.1044020255482633;0.48437865136832314
21012A21-;716;716;0;0;0;0;0;0;0;1;0
21012A22-;133;52;6;1.5576923076923077;0.1153846153846154;0.47134615384615386;0.01;0.03846153846153846;0;0;0.0575
21012A23-;1621;758;150;1.1383707143799473;0.19788918205804748;0.3685130823218997;0.3225;0.33932196365377454;0.21136342549108816;0;0.1120331410918116
21012A24-;1630;989;125;0.6474721939332659;0.1263902932254803;0.41568363114256823;0.35;0.3912347754387739;0.13252815570860152;0.00101096901359531;0.12421270785538842
21012A25-;288;162;4;0.7747530864197532;0.02469135802469135;0.06475308641975308;0.02;0.25359256128486896;0;0.7754323342974951;0.01846267462613083
21012A26-;1889;819;60;1.3058241758241758;0.07326007326007326;0.49926332893772896;0.365;0.2931246457564085;0.13478685335742122;0;0.07210323504349173
21012A29-;2;2;0;0;0;0;0;0;0;0;0
21012A2MJ;13;0;0;Inf;0;0;0;0;0;0;0
21012A30-;1003;564;41;0.778124999822695;0.0726950354609929;0.4046985813829787;0.185;0.34267214605086277;0.08367575659381533;0;0.11322176677716872
21012A39-;11;3;1;2.6766666666666663;0.3333333333333333;0;0.01;0;0;0;0.3265993265993266
21012A41-;599;374;40;0.6005236197860963;0.106951871657754;0.3766131906417112;0.32166667;0.3305777660550205;0.04606411494209302;0;0.1976469330853505
21012A50-;1245;688;58;0.8095566860465117;0.08430232558139535;0.4352374027616279;0.2832;0.25704997828377346;0.08749810087194936;0;0.157445699384026
21012A511;1083;685;67;0.5806163835036496;0.0978102189781022;0.31510265299270074;0.2151;0.4078915538157036;0.13795079690635487;0.11238154600654938;0.09835574526469304
21012A52-;1710;1052;106;0.6258713548479087;0.10076045627376426;0.3048162230988593;0.45;0.3753234395699131;0.12138508365203846;0.16159695852820627;0.129914448953235
21012A53-;57;57;0;0;0;0;0;0;0;0.9824561403508772;0
21012A54-;1141;754;124;0.5130901856763925;0.16445623342175067;0.29279619814323604;0.145;0.2842749001153475;0.0326021150873665;0.1365812282218911;0.08608595472005019
21012A552;597;344;53;0.7340116279069767;0.15406976744186046;0.32463420494186046;0.13019999999999998;0.38106254854632465;0.11270529922758668;0;0.10733301980701582
21012A59-;73;53;2;0.37264150943396224;0.03773584905660377;0.10613207547169812;0;0.0761904761904762;0;0;0.05647058823529412
21012A60-;1869;1356;413;0.37802711143067846;0.30457227138643067;0.208384253539823;0.6247;0.3427559579217339;0.05707935943010203;0.0862625864559317;0.03722562384752129
21012A611;724;516;212;0.4028617558139535;0.4108527131782946;0.17589793255813954;0.315;0.2301594925919695;0.00198413355853778;0;0.09588209326181346
21012A62-;2126;1508;485;0.4097944293103448;0.32161803713527853;0.21358090192307697;0.5375;0.33319527694511286;0.08168934462021765;0;0.10000851164932832
21012A63-;786;599;121;0.31302170267111856;0.2020033388981636;0.1669449081803005;0.3768;0.2996735073928;0.03964552237881401;0.252171008641922;0.05983633933536467
21012A672;938;673;219;0.3939227337295691;0.32540861812778604;0.2492446756315007;0.3215;0.256848528025087;0.07347276129442298;0;0.12388175676454008
21012A71-;1349;960;401;0.405853515625;0.41770833333333335;0.15713823770833332;0.7262083300000001;0.21049707044277963;0.01914718988418907;0.01771093931356437;0.0322651641494758
21012A72-;1034;790;312;0.3088080163291139;0.3949367088607595;0.09246286924050633;0.26;0.36538401570404067;0.03014541754299048;0.03671157150940469;0.05253046108118128
21012A732;557;429;104;0.2990675983682984;0.24242424242424243;0.15675990675990675;0.68125;0.40278536395944775;0.1160567997849256;0;0.07280987896311024
21012A811;311;191;44;0.6283769623036649;0.23036649214659685;0.3095636994764398;0.0801;0.271081167580087;0.00526371199184635;0;0.15169127720888584
21012A822;1825;1061;112;0.719806;0.1055607917059378;0.36915050933082;0.66142858;0.3683809778038094;0.13895429388796435;0.1290691466161979;0.0772624869634627
21012A833;107;64;18;0.6640625;0.28125;0.21921875;0.07;0.3739837398373983;0;0;0.2015503875968992
21012A84-;961;329;42;1.9238290632218848;0.1276595744680851;0.43142856960486325;0.04375;0.10207407337870011;0;0;0.04257971207131203
21012A851;491;249;7;0.9754618473895582;0.02811244979919678;0.4944979919678715;0.085;0.10504626075714112;0.03232192638681265;0;0.15323327029093398
21012A882;279;215;11;0.29922480465116275;0.05116279069767442;0.6117054255813954;0.06;0.03900155880656442;0;0;0.2125621134515692
21013A00-;1877;1362;415;0.3780247745227607;0.30469897209985314;0.23609661505139504;0.7090000000000001;0.31107679408701494;0.08192110928793786;0;0.09612593710195554
21013A01-;1860;1323;354;0.4057601421012849;0.2675736961451247;0.27621324361300076;0.85560455;0.27312245179639877;0.0521352563097398;0;0.10668762436262531
21013A02-;2173;1701;234;0.2775081322163433;0.13756613756613756;0.312289015696649;0.69441;0.3284034568608243;0.10282777406706534;0;0.2046271935574147
21013A031;841;648;77;0.2973996899691358;0.11882716049382716;0.26572445092592595;0.29671667;0.397392566268665;0.15653000936642464;0;0.23476859321792212
21013A04-;876;653;109;0.3419173653905054;0.1669218989280245;0.2750590298621746;0.4799;0.33967604599578355;0.11860901203508056;0;0.11603092866249884
21013A052;920;743;65;0.23822790390309556;0.08748317631224764;0.3137601749663526;0.6581579999999999;0.33931688291120154;0.11260765183303882;0;0.181747827426732
21013A101;1289;1058;167;0.21870510396975423;0.15784499054820417;0.22546991172022685;0.4501;0.46389057391930383;0.1240552937837678;0.03025690010592525;0.1083575235043448
21013A102;226;185;44;0.22162162162162163;0.23783783783783785;0.1803963962162162;0.19416666;0.4934364082864709;0.0324350626530266;0;0.04300348723413776
21013A11-;957;712;199;0.3439840828651685;0.2794943820224719;0.22504213483146063;0.28646667000000003;0.38908332353870567;0.06963098169349073;0;0.08511644216473624
21013A121;388;302;111;0.2836092708609272;0.3675496688741722;0.2795805741721854;0.07;0.35522066633780097;0.07138405735018011;0;0.04632949079426764
21013A13-;1149;865;360;0.3279233652023122;0.4161849710982659;0.17164940265895953;0.44161111;0.2392814575731701;0.02639659091701312;0;0.0383759986140374
21013A151;1002;802;156;0.2487531168329177;0.1945137157107232;0.21283458004987532;0.34950000000000003;0.420610901815788;0.09184503580218098;0;0.1199396627127116
21013A201;987;781;128;0.2640233314980794;0.16389244558258642;0.17739792266325222;0.235;0.45377060230371347;0.11544855039743604;0.0871117337837345;0.15035741462054297
21013A211;1200;1027;93;0.16873695978578385;0.09055501460564752;0.10356377799415774;0.49571429;0.3362028849437816;0.14226796662423252;0.3602961936698603;0.07288597243241994
21013A22-;1657;1358;353;0.21993127098674525;0.2599410898379971;0.17448208136966126;0.302;0.2819169601489816;0.04594843574643664;0.23120157771956637;0.04709443602211295
21013A23-;564;411;179;0.371958394160584;0.4355231143552312;0.1757647201946472;0.105;0.1943655995426204;0;0;0.07274494915274031
21013A242;755;567;183;0.3332133049382716;0.32275132275132273;0.19028022733686067;0.18;0.3640469119654242;0.01843275503622401;0;0.1199443968278722
21013A252;818;593;243;0.3785834733558179;0.40978077571669475;0.19751264755480608;0.48125;0.19638047354914623;0.02747524973967412;0;0.0202682764274541
21013A2MJ;25;25;0;0;0;0;0;0;0;0;0
21013A40-;988;798;132;0.2376253126566416;0.16541353383458646;0.267593984962406;0.40683333;0.43821711926848145;0.07796554537562156;0;0.10365032097073416
21013A41-;1375;997;187;0.37937646318956875;0.18756268806419257;0.30529577612838515;0.37494;0.3717098598388573;0.087480247482427;0;0.11715772273875293
21013A422;1426;1183;191;0.20546069289940827;0.1614539306846999;0.17297830371935757;0.32;0.3752203024495974;0.03502400171541776;0.2604269423582851;0.03816734404085003
21013A51-;1133;956;63;0.18452928755230127;0.06589958158995816;0.26638900481171546;0.17;0.5138893816852722;0.20424907666191072;0;0.3151521983279709
21013A522;1207;980;129;0.2320127544897959;0.13163265306122449;0.34854282306122447;0.42274700000000004;0.462292484459321;0.12147000326187836;0.02857777115695233;0.12054512127876166
21013A612;188;127;5;0.4803149606299213;0.03937007874015748;0.3189763779527559;0.11;0.3974015748031496;0.10236220472440943;0;0.4088188976377953
21013A623;36;13;0;1.7461538461538462;0;0.4153846153846154;0.005;0.10989010989010987;0;0;0.07633587786259542
21014A00-;1433;1063;134;0.34856381269990594;0.12605832549388524;0.29956412662276577;0.8440000000000001;0.3196606844811199;0.09364401970195216;0.07057663308682127;0.05456797065918122
21014A01-;367;222;72;0.6526168959459459;0.32432432432432434;0.3420775324324324;0.035;0.22550977196075855;0.01823037768478242;0;0.00899223989524929
21014A02-;758;631;45;0.20206022234548335;0.07131537242472266;0.1845055467511886;0.35;0.5012735399189571;0.1925758905544548;0.2298012616389432;0.13738470322548324
21014A03-;600;410;29;0.46260162682926825;0.07073170731707316;0.38783739829268293;0.25;0.2367714894126063;0.08944700711142906;0.04632865715682548;0.1947632363369176
21014A04-;1109;842;111;0.31739904893111637;0.1318289786223278;0.1605961995249406;0.75895833;0.3549340372547671;0.0449937509079239;0.1816922316836052;0.15386759000343914
21014A05-;2548;1765;479;0.4437160023796034;0.27138810198300284;0.2078455485552408;2.1580666500000003;0.27505012753092767;0.04228952686158824;0.09122633526506342;0.04309169439073337
21014A10-;739;561;76;0.31866310106951873;0.1354723707664884;0.0913903743315508;0.250625;0.3033370540236439;0.04768768892754156;0.23365006876607788;0.04635546020786537
21014A12-;171;111;4;0.5450450441441441;0.03603603603603603;0.3773873873873874;0.03;0.3914467694345342;0.00909918106542385;0;0.09918845798089408
21014A13-;0;0;0;0;0;0;0;0;0;0;0
21014A14-;389;329;13;0.183383990881459;0.03951367781155015;0.20542046595744684;0.20166667;0.33811129622578195;0.07082630679455935;0.38032454322482295;0.03346855980378442
21014A18-;0;0;0;0;0;0;0;0;0;0;0
21014A2MJ;0;0;0;0;0;0;0;0;0;0;0
21014A3MJ;285;183;2;0.5530601092896175;0.01092896174863388;0.44102003715846994;0.14;0.19350618534072575;0.11991932612664698;0;0.24376328474471148
21014A41-;1191;736;324;0.6171875012228261;0.44021739130434784;0.16913373451086958;0.70529763;0.13151683859373028;0.02843914765041384;0;0.02436516788354282
21015A00-;2497;1642;594;0.5208384065164433;0.3617539585870889;0.16183901735688186;1.4772;0.2177527692930825;0.01459282235960239;0.03167659704175714;0.04162487600885207
21015A01-;446;299;94;0.49170568494983274;0.31438127090301005;0.1959643254180602;0.12333332999999999;0.3136779986063547;0.0830507300968574;0.01337882131689155;0.07682788141224972
21015A021;1288;897;363;0.4353734670011149;0.4046822742474917;0.19135265707915272;0.6725;0.23021731767585105;0.03385183233162452;0;0.04122477798255632
21015A03-;1872;1263;600;0.4824394298495645;0.4750593824228028;0.15931908155186064;0.8983333299999999;0.2197107755018091;0.01721999807993577;0.00475242882956424;0.05683904880158838
21015A04-;1834;1353;546;0.35528455114560237;0.4035476718403548;0.14358832224685883;1.1025;0.23502704156569865;0.0727369814265433;0.03991585636063336;0.05987378454095004
21015A05-;1718;1244;413;0.381055732073955;0.3319935691318328;0.1600884243569132;1.2691111;0.3004890154950758;0.06589001440276214;0.0024107281349815;0.08837729342842206
21015A101;761;547;87;0.39137720804387566;0.1590493601462523;0.3501401583180987;0.24083332999999998;0.3779342286695936;0.09541454373490892;0;0.07498856878829865
21015A111;1075;643;170;0.6725016657853811;0.2643856920684292;0.21939124618973563;0.22;0.2392473201709518;0.06843035590199582;0.1198078633080732;0.08095588477816947
21015A12-;1252;925;273;0.35349193286486486;0.2951351351351351;0.25443780172972974;0.60916667;0.3344323658023854;0.05529821765998383;0.01189521518225338;0.1138334601386161
21015A13-;814;603;177;0.3493642902155887;0.2935323383084577;0.21348811492537312;0.3375;0.3389993722681116;0.05953247759025065;0.02321788907440222;0.13403355678522766
21015A142;86;63;18;0.36507936507936506;0.2857142857142857;0.3333333333333333;0.04;0.3090909090909091;0.05454545454545454;0;0.07936507936507936
21015A152;1376;938;309;0.4678393726012793;0.3294243070362473;0.23140724936034116;0.54069999;0.30880780238701255;0.10556358297910524;0;0.11090295084282586
21015A20-;2156;1476;356;0.4607791324525745;0.24119241192411925;0.2198780487804878;1.0289;0.33726470496716626;0.05042728652648413;0.06166989899559255;0.08383717807411818
21015A21-;889;666;111;0.3350850855855856;0.16666666666666666;0.1333833831831832;0.15;0.34103274163436803;0.00859024538121833;0.4397858630098857;0.03602341540012716
21015A22-;1430;1075;144;0.33037209320930233;0.13395348837209303;0.1273302324651163;0.6653999899999999;0.32627684897764175;0.03082930856481654;0.4372662499295275;0.02410546496951927
21015A231;681;430;99;0.5833992255813953;0.2302325581395349;0.2774651165116279;0.355;0.2949504721937608;0.02365887422212704;0.00464966696039697;0.07635915565711936
21015A24-;1053;742;182;0.4191374649595687;0.24528301886792453;0.24561245862533693;0.16;0.2751793151783693;0.02869033928025305;0.13739429822229315;0.06725585598273624
21015A272;160;142;7;0.1267605633802817;0.04929577464788732;0.0352112676056338;0;0.9014084507042254;0.9014084507042254;0;0.9154929577464788
21015A30-;1589;1082;326;0.4692606284658041;0.30129390018484287;0.30481977809611827;0.4905;0.23581068534605024;0.02872791841031552;0;0.06176234312533195
21015A31-;1061;777;111;0.3654483046332046;0.14285714285714285;0.332097811969112;0.273;0.3675487165067351;0.03310082806552687;0;0.08576982173730391
21015A32-;1385;855;291;0.6196475623391813;0.34035087719298246;0.2861364132163743;0.465;0.20720790318366616;0.07098793634587769;0;0.050607296785796
21015A33-;1041;725;224;0.4361839089655173;0.30896551724137933;0.2106988504827586;0.43229999999999996;0.28465213667473266;0.09527323344769847;0;0.04567176127942726
21015A34-;827;582;168;0.420738831443299;0.28865979381443296;0.30157502886597937;0.30966667000000003;0.3233115813601397;0.03826707443344615;0.01717829341684381;0.02487416886758985
21015A35-;1012;641;164;0.5777379087363494;0.25585023400936036;0.29836349438377535;0.44;0.32535934565265057;0.02872473613940653;0;0.15404480715715316
21015A36-;986;607;96;0.6251317952224053;0.15815485996705106;0.31934603228995057;0.405;0.29927437145369845;0.04069145819607642;0.01153584302949518;0.10811227289485324
21015A39-;4;4;0;0;0;0;0;0;0;0;0
21015A40-;1443;1168;298;0.23508847003424657;0.2551369863013699;0.17745433792808218;1.3166666699999998;0.3621639646520709;0.02441699762808954;0.00770343803438027;0.06613829521295153
21015A41-;1101;784;255;0.4050637735969388;0.3252551020408163;0.20354591836734695;0.6415000000000001;0.25244762176932206;0.00428155505163222;0.03572886885770556;0.07668308478585056
21015A421;642;493;144;0.30223123691683573;0.2920892494929006;0.17805273853955375;0.4905;0.34726094908688354;0.09008622515528406;0;0.16603138518462823
21015A43-;787;590;93;0.33455932169491526;0.1576271186440678;0.3371525422033898;0.6251;0.13873722319637496;0.06176044129387013;0;0.10695205337852766
21015A44-;1157;884;277;0.3092477367647059;0.31334841628959276;0.15466817500000002;1.01166667;0.24061285484448153;0;0.13687782779107205;0.01806561082498695
21015A45-;524;310;160;0.69136559;0.5161290322580645;0.18835637483870968;0.24;0.10378951717701822;0;0.00322798324628017;0.00316342358135456
21015A50-;3052;2196;362;0.389624164298725;0.16484517304189436;0.3900943987249544;0.64776666;0.3128722952156127;0.08685674019787364;0;0.11615713527966856
21015A51-;951;558;60;0.7043387096774194;0.10752688172043012;0.3395071682795699;0.2200075;0.22688792720678516;0.02360389767676222;0;0.15010493010895398
21015A52-;1688;1256;244;0.344265525477707;0.1942675159235669;0.28627407492038215;0.2801;0.30619542210805456;0.07951910547602047;0.00318561377329677;0.1161963996451169
21015A53-;1641;1283;145;0.2786515976617303;0.11301636788776304;0.2784463496492596;0.87383333;0.366075680979738;0.03880701431664174;0.07014408125514315;0.1178186751482221
21015A54-;2651;1773;309;0.4954502715736041;0.17428087986463622;0.36681349864636215;0.9347;0.2998470062580929;0.06045273884087678;0.0169245721113812;0.09981819892610344
21015A612;1416;903;389;0.5682650428571429;0.4307862679955703;0.19684617408637875;0.68233332;0.17904727617722774;0.02097572993344417;0;0.01750680317155992
21015A622;472;247;34;0.9089068785425102;0.13765182186234817;0.32021592388663966;0.3225;0.06826434076162537;0.00435729853190368;0.05656565725130089;0.06052525325889196
21015A63-;721;423;92;0.704562647754137;0.21749408983451535;0.33335697399527187;0.26;0.268386266306904;0.08664009703690868;0;0.065737522755751
21015A64-;1198;686;239;0.7467784252186588;0.34839650145772594;0.220110139212828;0.43073332999999997;0.2205173934654432;0.02364322383624451;0;0.06489466184813779
21015A70-;984;579;59;0.6989061606217617;0.10189982728842832;0.3384887739205527;0.364258;0.2596821484577865;0.0588057400001376;0.05525974973149461;0.11572667748620331
21015A71-;753;291;14;1.5892325285223368;0.04810996563573883;0.44356242714776634;0.15;0.05940725757609621;0.01049103912928471;0;0.05316912613869331
21015A721;447;186;10;1.4032258059139784;0.05376344086021505;0.3659139784946237;0.055;0.2481751841120998;0.15372262874708298;0.25806451737773156;0.03193548402549428
21015A73-;603;439;19;0.3741457858769931;0.04328018223234624;0.5234851933940775;0.24989999999999998;0.1261263337905771;0.03650239075258547;0;0.18354021948999075
21015A77-;627;429;13;0.4606759904428904;0.0303030303030303;0.22864024871794872;0.0202;0.10794991118939216;0;0.5146356797348495;0.06513285050761873
21015A782;113;88;11;0.2897727272727273;0.125;0.3584090909090909;0.03;0.47906432748538014;0.08771929824561403;0;0.2052571428571429
21015A7MJ;7;3;0;1.3333333333333333;0;0;0.01;0;0;0;0.6666666666666666
21015A811;608;337;18;0.8041048427299704;0.05341246290801187;0.08136003946587538;0.085;0.05835978342057772;0;0.75087181411396;0.01283110234280138
21015A822;192;128;2;0.49609375;0.015625;0.0234375;0;0.32558139534883723;0;0.8326848249027238;0.02334630350194552
21015A831;1941;1083;199;0.7929632188365652;0.1837488457987073;0.32460670951061865;0.5766666699999999;0.1701403356992635;0.03199754084217403;0.00369487139417246;0.1299032104975863
21015A883;239;211;13;0.13270142180094788;0.06161137440758293;0.23729857819905217;0.03;0.13334603295551958;0;0;0.13706810749324613
21016A00-;2412;1597;174;0.5101040708202881;0.10895428929242328;0.3464753085785849;0.94400999;0.3022914453654499;0.08032966464136179;0;0.155284752975782
21016A01-;1678;750;82;1.2374357770666666;0.10933333333333334;0.31641533293333335;0.5577000000000001;0.1450866866833794;0.02311043093407823;0;0.12577141408991818
21016A02-;1319;988;93;0.33521255060728744;0.09412955465587045;0.32582422378542514;0.6875;0.3745509966850067;0.06197306431799129;0;0.18742205114696017
21016A03-;1619;1004;119;0.6131968780876494;0.11852589641434264;0.28971115527888447;0.6309;0.30405017025257763;0.1255245506692288;0;0.1462284306948854
21016A042;271;161;10;0.6818633534161491;0.06211180124223602;0.3825070391304348;0.13;0.16025640588541462;0.03142282591568231;0;0.15774805920879664
21016A05-;2336;1608;193;0.45259323109452737;0.12002487562189054;0.3576325973258706;0.5102;0.37505924414901054;0.10178681844678908;0;0.11591748510253592
21016A102;854;443;34;0.9284138435665914;0.07674943566591422;0.37145528306997744;0.12133332;0.20875125845005055;0.01723381262465025;0;0.2390062119477923
21016A111;471;288;27;0.6361825756944444;0.09375;0.311238425;0.29176663;0.2506168757662087;0.04622615465859957;0;0.2420079453033746
21016A12-;1192;671;65;0.7767684037257825;0.09687034277198212;0.35919831788375556;0.4443;0.19443392608123208;0.01939903541528551;0;0.20576773200578197
21016A13-;4;4;0;0;0;0;0;0;0;0;0
21016A193;1;1;0;0;0;0;0;0;0;0;0
21016A214;238;176;13;0.3513257556818182;0.07386363636363637;0.36107954545454546;0.185;0.3086044285220575;0.10377285891731612;0;0.1416272474612195
21016A225;384;222;11;0.7309009004504504;0.04954954954954955;0.4571021009009009;0.24989999999999998;0.2112739803324943;0.08143322582408774;0;0.13047198873342086
21016A232;769;501;46;0.5351703233532934;0.09181636726546906;0.32707917465069863;0.35;0.26887460794068946;0.05785191283546377;0;0.20663814837930808
21016A311;657;343;18;0.9159016909620992;0.05247813411078717;0.3008086279883382;0.12029999999999999;0.18749672860459643;0.05207902275578356;0;0.26370397310561544
21016A322;532;382;8;0.3936178010471204;0.02094240837696335;0.30126090732984295;0.34509999999999996;0.3996387419143184;0.11747915046840982;0;0.2825736045708051
21016A331;150;119;4;0.2605042008403361;0.03361344537815126;0.3238487394957983;0.06;0.4115174988432606;0.0756303791471663;0;0.30219882697097067
21016A342;1441;660;42;1.1837998574242423;0.06363636363636363;0.2673146106060606;0.5261239799999999;0.16230325980195123;0.05496635712551262;0;0.3153726838167345
21016A383;0;0;0;0;0;0;0;0;0;0;0
21016A39-;6;5;0;0.153;0;0;0;0.8097165991902835;0;0;0
21016A400;1273;750;52;0.6978157758666667;0.06933333333333333;0.3169442664;0.70873333;0.263303554191185;0.03688092386372704;0.02133414419864148;0.19432950338318733
21016A410;464;257;21;0.8033073926070039;0.08171206225680934;0.3523501937743191;0.12;0.28961839442468834;0.05111553242084953;0;0.21737806477901395
21016A429;807;408;36;0.9785776149509804;0.08823529411764706;0.2817165031862745;0.39943199999999995;0.21913583493980515;0.06613881270412734;0;0.2062933657347849
21016A44-;1281;673;61;0.903236750371471;0.09063893016344723;0.32462852867756314;0.39205;0.160552001465395;0.0110484667806916;0;0.10668938570080884
21016A490;171;81;3;1.1141975308641976;0.03703703703703703;0.2674074074074074;0.0475;0.2991849529780564;0.06269592476489028;0;0.32557275541795666
21016A521;184;73;4;1.524617808219178;0.0547945205479452;0.3030126520547945;0.14652857;0.04963706371751031;0;0;0.15542292370350733
21016A533;252;92;12;1.731702902173913;0.13043478260869565;0.4216614902173913;0.1801;0.1300886887223872;0.05420362030099466;0;0.09409748484252672
21016A601;427;204;30;1.0911437892156863;0.14705882352941177;0.22132352990196075;0.1496;0.1412318542444895;0.00735582574190049;0;0.03907884388677533
21016A610;209;83;1;1.515301204819277;0.01204819277108433;0.19859437710843375;0.12833333;0.05928033289277371;0;0.31238736783341026;0.09107293262220192
21016A620;402;130;3;2.0867376923076923;0.02307692307692307;0.46395512846153847;0.08;0.16744665525345073;0.02336464957024893;0;0.1069915351640346
21016A639;1101;1002;7;0.0988090479041916;0.00698602794411177;0.01966234191616766;0.05;0.15834921163784277;0.03320494532764037;0.9331981511474235;0.01024022784039846
21016A64-;881;382;20;1.3052006989528795;0.05235602094240838;0.41194589895287953;0.2525;0.2593080015510631;0.08547352715596343;0.08891135893943687;0.12463280491334
21016A65-;356;194;15;0.835541237113402;0.07731958762886598;0.29019329896907214;0.09;0.1712684638611572;0.01632164522183836;0;0.1336394829854751
21016A692;2;2;0;0;0;0;0;0;0;0;0
21016A701;1226;786;38;0.5601063613231553;0.04834605597964377;0.21807251921119591;0.05;0.20955840110148907;0.01700428678069741;0.4391207453495522;0.07075749855949304
21016A71-;656;233;15;1.814349068669528;0.06437768240343347;0.3538483549356223;0.11537778;0.09947912288024892;0.01809122489297548;0.01286992077637128;0.12704151906798025
21016A72-;336;284;1;0.1829225352112676;0.00352112676056338;0.05457746478873239;0.35;0;0;0.7850730505192748;0.00352050695300123
21016A731;209;78;8;1.6826923076923077;0.10256410256410256;0.4871794871794872;0.044166670000000005;0.2598045699048265;0.00651465789557449;0;0.03858520850694266
21016A772;295;205;20;0.439049756097561;0.0975609756097561;0.12692682926829268;0.0302;0.2915784018059947;0.03478418154560032;0.00975634503899611;0.07795319686157894
21016A80-;1439;994;87;0.4469585179074447;0.0875251509054326;0.4090648334004024;0.6826000000000001;0.29679167703247517;0.09272563970435488;0;0.1572302052763804
21016A81-;1847;1353;122;0.36514905144124166;0.090169992609017;0.30345799453067257;1.12404;0.3132332985373638;0.09569106271498248;0;0.13499370063586372
21016A82-;3066;1879;136;0.6315900803086748;0.07237892496008515;0.36186628807876525;0.64178433;0.21713865631145107;0.04897070725138219;0;0.1779515642947572
21016A831;1517;868;80;0.748302379953917;0.09216589861751152;0.29824996140552995;0.523375;0.16067545106309142;0.01230539707985682;0;0.15102236734461816
21016A841;186;130;7;0.4269230769230769;0.05384615384615385;0.0675;0.07;0.1343669250645995;0.041343669250646;0;0.08429530201342282
21016A85-;1334;758;35;0.7589003885224275;0.04617414248021108;0.3839121327176781;0.44666667;0.11925586185756833;0.04447456055567805;0;0.1370524948703588
21016A901;990;516;64;0.91814276124031;0.12403100775193798;0.3627004001937984;0.1977;0.1710844565354844;0.02212633489252844;0;0.10960925563098747
21016A912;578;361;30;0.6027157698060942;0.08310249307479224;0.3193248595567867;0.24960000000000002;0.23929305834309228;0.03048319358361777;0;0.1852213053151282
21016A922;561;310;36;0.8078279574193549;0.11612903225806452;0.39865591387096777;0.02;0.2837469738125851;0.09079903151625691;0;0.05087421601979303
21016A933;1493;752;51;0.9847816909574468;0.0678191489361702;0.3310449905585106;0.31166666;0.1350868266782863;0.01998662954843447;0.13157122492093004;0.10687038869486534
21016A943;495;336;30;0.4725744047619048;0.08928571428571429;0.3384375;0.0922;0.4160455361793845;0.07820993533664583;0;0.1219145679186876
21016A954;203;94;3;1.1569148936170213;0.03191489361702127;0.49189716276595746;0.03;0.06324278505138778;0.01018675732371346;0;0.05252546745039757
21017A000;514;338;29;0.5205325440828402;0.08579881656804733;0.26130177514792896;0.31670000000000004;0.26308189497934337;0.0652547617186087;0;0.10761854019190832
21017A01-;586;273;12;1.1450000036630037;0.04395604395604396;0.24813492051282057;0.2726;0.1695259124674326;0.09476603802527288;0.03663789243835814;0.07067449451359285
21017A021;165;52;1;2.1698717884615384;0.01923076923076923;0.4342948711538462;0.06;0.02214022172900696;0;0;0.03833865863691576
21017A031;54;25;2;1.16;0.08;0.36;0.0098;0.31832651205093226;0;0;0.2000800320128051
21017A041;380;199;19;0.9099664979899498;0.09547738693467336;0.35062981557788947;0.1301;0.2401531248174112;0.03572947659345119;0;0.122503560195621
21017A08-;86;57;4;0.5254093578947369;0.07017543859649122;0.38083820701754384;0.0229;0.29206623285239686;0;0;0.3180468512427232
21017A09-;6;4;0;0.625;0;0;0;0;0;0;0
21017A11-;817;704;4;0.15980113636363635;0.00568181818181818;0.04187533139204545;0.06;0.06662119695950629;0;0.8621406848668912;0.00710165308786566
21017A12-;1022;866;7;0.17960739030023093;0.00808314087759815;0.06181678210161663;0.13;0.2771618672550208;0.2046733788960153;0.864636485269172;0.00312839102146789
21017A13-;521;225;38;1.3146666666666669;0.1688888888888889;0.31970370355555555;0.085;0.1431315824557343;0;0;0.06785912676369292
21017A192;3;0;0;Inf;0;0;0;0;0;0;0
21017A212;939;426;30;1.2028724575117369;0.07042253521126761;0.3853599373239437;0.32806666999999995;0.10272856405911968;0.00715407655577942;0.00234553847436942;0.09115466172941888
21017A220;293;274;0;0.06751824817518248;0;0.03199525547445255;0.01;0.1092896174863388;0.0546448087431694;0.933284724753919;0.01093693036820998
21017A230;594;244;26;1.437049180737705;0.10655737704918032;0.265014218852459;0.30763265;0.14047621957731338;0.0179484880090273;0.06561141695146386;0.077831543358674
21017A240;305;142;12;1.1466549295774646;0.08450704225352113;0.24492957746478872;0.13;0.15875942313995411;0.07681907571288102;0.12672486623486345;0.09972542945649111
21017A312;63;20;0;2.15;0;0.525;0.01;0;0;0;0.05
21017A323;39;18;5;1.1794444555555554;0.2777777777777778;0.05555555555555555;0.02265;0.06349206429831192;0;0;0.29577465121999613
21017A374;6;3;0;0.8366666666666666;0;0;0;0;0;0;0.2836676217765043
21017A382;0;0;0;0;0;0;0;0;0;0;0
21017A393;16;15;0;0.06666666666666667;0;0;0.005;0.5;0;0;0
21017A41-;748;422;66;0.7715423386255924;0.15639810426540285;0.3161670616113744;0.16333333;0.2530476719081526;0.02272472312264072;0.02840881293450582;0.08838881316334354
21017A421;72;25;6;1.87;0.24;0.286666668;0.025;0;0;0;0
21017A432;469;234;15;1.0073361790598292;0.0641025641025641;0.4346438739316239;0.27143332000000003;0.23632169159474092;0.01289730895933221;0;0.06528067221041522
21017A443;314;307;0;0.02280130293159609;0;0;0.01;0;0;0.990228013029316;0.00651465798045602
21017A451;601;302;25;0.9905077251655628;0.08278145695364239;0.3942019867549669;0.207;0.37623383146940514;0.1943705778031518;0;0.14468900504635995
21017A472;17;4;0;3.375;0;0.25;0;0.2857142857142857;0;0;0
21017A501;189;118;15;0.6057627110169491;0.1271186440677966;0.32211864322033895;0.1746;0.26613457122829653;0.07723995940195644;0;0.18720217978626583
21017A512;490;208;30;1.3559326923076922;0.14423076923076922;0.2613028846153846;0.266;0.08878936826830715;0.00510944429683827;0;0.07931502628589035
21017A523;976;515;31;0.8938317141747573;0.06019417475728155;0.3753203875728155;0.285;0.07115945312447981;0.00103129642209391;0;0.05135053057441998
21017A534;163;82;6;0.9817073170731708;0.07317073170731707;0.30499999878048784;0.1;0.05241089571878721;0.01257861698508764;0;0.04824242658145098
21017A541;307;134;25;1.291492537313433;0.1865671641791045;0.33955223880597013;0.121;0.04653327128897161;0;0;0.06973271614155592
21017A613;45;10;0;3.45;0;0.4;0.01;0.2857142857142857;0.09523809523809525;0;0
21017A624;721;398;16;0.8127721957286432;0.04020100502512563;0.3610510881909548;0.316;0.09056223887385514;0.00251561781637424;0;0.04587229088158443
21017A635;182;77;4;1.3639692597402595;0.05194805194805195;0.187978787012987;0.08;0.1333903221252893;0;0.2078614067441621;0.1299133792151013
21017A696;35;12;1;1.875;0.08333333333333333;0.4166666666666667;0.02;0.16;0;0;0.08
21018A00-;871;525;36;0.6590412702857142;0.06857142857142857;0.3844751316190476;0.33;0.2512821658477993;0.0492197538867003;0;0.13720787741753923
21018A01-;396;237;14;0.6679746835443038;0.05907172995780591;0.3021097046413502;0.1551;0.11479337193052506;0.00554557352321377;0;0.1251032343968583
21018A02-;689;403;44;0.7114888312655088;0.10918114143920596;0.4367602975186104;0.1698;0.26946655511015866;0.03611097293475605;0;0.0842559749801559
21018A031;895;604;46;0.48131804602649;0.076158940397351;0.33855745000000004;0.17666667;0.15781048667045533;0.01512885560584135;0.23343173510716608;0.03678288149369515
21018A04-;965;622;55;0.5524437297427652;0.08842443729903537;0.4051232578778135;0.14;0.34451745760360003;0.04125318362685225;0.05950431371464407;0.10205793914408956
21018A05-;661;362;69;0.8254696132596685;0.19060773480662985;0.26524125276243093;0.1452;0.22534742345581932;0.00684128667800213;0.18214802127581617;0.10061194338835085
21018A09-;170;86;3;0.9785658953488372;0.03488372093023256;0.36507751976744185;0.01;0.07075193612968018;0;0;0.15150926596289682
21018A12-;704;476;14;0.4780219894957983;0.02941176470588235;0.4038935573529412;0.075;0.08260118030703498;0.00382634486135275;0.20988053151002112;0.10706705863898762
21018A13-;217;138;9;0.5736715;0.06521739130434782;0.06202898550724638;0.04;0.24365481738771944;0.0913705565203948;0.7617895972827589;0.0285852477456578
21018A14-;650;471;36;0.3791932059447983;0.07643312101910828;0.06416135881104033;0.195;0.192828589259156;0;0.7042851066943464;0.01612218918938865
21018A15-;97;29;7;2.328275862068965;0.2413793103448276;0.45653735862068967;0.01733333;0.13599274859465943;0;0;0.06731641055435642
21018A19-;9;8;0;0.03125;0;0.03;0;0;0;0;0.1176470588235294
21018A20-;1723;1168;163;0.47544235068493146;0.13955479452054795;0.30969097191780826;0.4746;0.266944812943427;0.0616407773752459;0;0.13935578882444483
21018A21-;1688;1139;148;0.48244073748902544;0.1299385425812116;0.3803550866549605;0.45857833;0.2762001738862058;0.0506643492435692;0.11153804037933336;0.10274292864654493
21018A22-;944;583;52;0.6195700411663808;0.08919382504288165;0.42335565900514577;0.12990000000000002;0.2691111826646728;0.07381217613931425;0;0.08598946864006529
21018A24-;1114;644;70;0.7297670805900621;0.10869565217391304;0.37402434798136647;0.156;0.2924181146705464;0.03196656422111449;0;0.1089796765313744
21018A30-;728;438;23;0.6623097415525114;0.05251141552511415;0.533270547716895;0.22;0.1632486621146723;0.02618289930260537;0;0.06336483024167532
21018A311;1351;612;31;1.2067156859477124;0.05065359477124183;0.5163643785947712;0.29;0.05178692230093744;0.00163537647649932;0;0.02927442551677972
21018A32-;191;44;0;3.341287863636363;0;0.31155302727272727;0.02;0.04778021369270552;0;0.02280068523355346;0.05654569937921258
21018A33-;1083;551;21;0.9650816693284936;0.0381125226860254;0.5579440406533575;0.32066667000000004;0.08746230511723375;0.0036553047797402;0;0.10475672193290178
21018A34-;516;231;2;1.2335541125541127;0.00865800865800865;0.5230591627705627;0.0646;0.11565574665532592;0;0;0.12403429629227695
21018A35-;460;434;0;0.05990783410138248;0;0.15216589861751154;0.03;0.08823529411764705;0;0.7603686635944701;0.0459447004608295
21018A37-;137;73;2;0.876027397260274;0.0273972602739726;0.41904109589041094;0.135;0.08313671061762666;0;0.0136892539356605;0.13634496919917863
21018A3MJ;1235;784;3;0.5751753826530612;0.00382653061224489;0.4646077806122449;0.08960000000000001;0.13006387923167584;0.08719201084727729;0;0.2248721556017061
21018A41-;801;425;16;0.8837490185882353;0.03764705882352941;0.5198039209411764;0.275;0.06352358755543296;0.01418640948350635;0;0.04464159666027917
21018A42-;731;360;30;1.0313796311111112;0.08333333333333333;0.4774907405555556;0.19333333;0.11657628304822493;0.00832886046226356;0;0.06514557024900482
21018A43-;482;292;14;0.6474885856164383;0.04794520547945205;0.3946917808219178;0.12;0.36750260067895824;0.1525482493384355;0;0.24581101019698048
21018A512;874;584;60;0.49700913150684933;0.10273972602739724;0.4115981731164384;0.13;0.3866671663394677;0.13443262562982755;0;0.11973535247643968
21018A60-;155;89;8;0.7415730337078652;0.0898876404494382;0.458801497752809;0.11;0.2656976775081125;0.08139534978366686;0;0.11078651809872492
21018A61-;1015;564;102;0.7999784998226951;0.18085106382978725;0.3377334515957447;0.2651;0.17391718293933034;0.01240746309961848;0;0.0957501652344844
21018A62-;1841;1147;149;0.6051673934612031;0.12990409764603314;0.4170036324324325;0.35;0.22823023240094348;0.04360792825930154;0;0.08761443298289309
21018A63-;769;392;0;0.9614562066326532;0;0.08182397984693877;0.04733333;0.04702304585674636;0;0.7876775640311184;0.01365052865820919
21018A643;971;785;11;0.2373579923566879;0.01401273885350318;0.07517197464968153;0.23240642;0.03073632361001416;0;0.7926859029759821;0.03056046294753062
21018A72-;1194;809;94;0.4756077449938195;0.1161928306551298;0.3233220022249691;0.7072566600000001;0.28667281777734027;0.09081767039258563;0;0.13150210750246522
21018A81-;291;247;12;0.18016194291497975;0.048582995951417;0.04251012145748988;0.01;0.09876543185490017;0.09876543185490017;0.8356997968212171;0.00405679513020008
21018A82-;228;84;12;1.715436511904762;0.14285714285714285;0.26160714166666665;0.11583333;0.137015370392903;0.01236043034667595;0;0.11733741396587206
21018A83-;507;273;18;0.8583150179487179;0.06593406593406594;0.4696626985347985;0.16901099000000003;0.24815794366207072;0.04821402294984749;0;0.13004201654253933
21018A84-;380;365;17;0.0410958904109589;0.04657534246575343;0.03013698630136986;0;0.32142857142857145;0.32142857142857145;0.8876712328767123;0
21018A87-;1156;1118;2;0.03365533631484794;0.00178890876565295;0.33830351806797854;0.0195;0.3767769061334241;0.17783091257290984;8.942821399268742e-4;0.05007979983590495
21019A001;849;512;65;0.6589290353515626;0.126953125;0.3009263669921875;0.33925;0.2836014144680073;0.05943374009390878;0;0.1532801806591971
21019A01-;368;224;20;0.6408482147321429;0.08928571428571429;0.3255580357142857;0.08;0.21234122519040713;0.10232920822805831;0.00445990547188429;0.18896619484373747
21019A02-;169;117;10;0.4415954358974359;0.08547008547008547;0.34455840427350426;0.03166667;0.17024899095817184;0;0;0.05120533468289737
21019A03-;553;320;44;0.7270833340625;0.1375;0.37407291625;0.138;0.3353528778442504;0.06634986243708942;0;0.09144590411908472
21019A04-;576;351;51;0.6403228860398861;0.1452991452991453;0.3889601122507123;0.17350000000000002;0.2207487928838072;0.07462548572992053;0;0.09566848038801563
21019A052;497;283;44;0.7585394590106007;0.15547703180212014;0.4918797409893992;0.05;0.2576582541160291;0.02663226165752781;0;0.06362049426032373
21019A09-;1;1;0;0;0;0;0;0;0;0;0
21019A10-;1309;922;51;0.41960592819956616;0.05531453362255965;0.4668060784164859;0.34;0.22431372463900268;0.02205388352760916;0;0.2057286276274429
21019A11-;446;209;19;1.1343173822966506;0.09090909090909093;0.48773843540669853;0.13;0.13529261681610552;0.0145163751948611;0;0.06829188178970859
21019A12-;217;62;4;2.4971236612903223;0.06451612903225806;0.4390322580645161;0.03;0.12203280839208062;0;0;0.09877700003985336
21019A131;776;392;14;0.9787602040816326;0.03571428571428571;0.3028579928571429;0.1125;0.2792346429719085;0.1354789157087884;0.13764765365032133;0.1975702655394279
21019A14-;907;499;18;0.8168503665330661;0.03607214428857715;0.5214114893787576;0.25355;0.17918948707721277;0.06849780600947118;0;0.14961400025501587
21019A15-;801;655;5;0.22366412213740455;0.00763358778625954;0.09363867694656489;0.1;0.2341463391790601;0.05853658479476503;0.8281130621419205;0.01069518714943439
21019A20-;525;219;28;1.3958918625570778;0.1278538812785388;0.2965810497716895;0.0745;0.2615185230423624;0.03304385670210355;0;0.2075491985127847
21019A21-;619;327;24;0.8924770642201834;0.07339449541284404;0.28696301070336394;0.04;0.21771947362791;0.00971094908489672;0.28444447228397984;0.09732282911909935
21019A22-;304;168;10;0.8089535476190477;0.05952380952380952;0.14580160476190476;0.09338333;0.09177188427914126;0;0;0.13797010106303362
21019A231;462;222;30;1.0810829585585586;0.13513513513513514;0.3767999252252252;0.17666667;0.23873918571628033;0.00450451292104486;0;0.07256770315803274
21019A242;533;250;20;1.133706664;0.08;0.4144844444;0.165;0.1337175884962168;0.03880871642908581;0;0.04933842000572493
21019A252;555;238;26;1.334383755882353;0.1092436974789916;0.40271708655462185;0.15140625;0.194159862785014;0.04925414914052484;0;0.0941003275288292
21019A28-;70;57;0;0.22807017543859648;0;0.20459064210526315;0.01;0.42670213673834334;0;0;0.5436842200646355
21019A30-;454;243;21;0.8705260609053498;0.08641975308641975;0.3733813440329218;0.095;0.29001381016879285;0.08683048194963783;0;0.07164512819357663
21019A31-;629;299;29;1.1042363421404682;0.09698996655518397;0.343628762541806;0.1301;0.20467060195392917;0.0135543444329373;0;0.13817736031873057
21019A32-;1230;580;36;1.1208421843103449;0.06206896551724138;0.3551974418965517;0.49818333000000004;0.1408754752950869;0.00350523700223501;0;0.06573232333932
21019A33-;1037;659;67;0.5735761259484067;0.10166919575113809;0.4104957006069802;0.265;0.30806294791800515;0.10916116057013722;0;0.13419452170310217
21019A34-;504;198;2;1.54510101010101;0.0101010101010101;0.3619612787878788;0.16510000000000002;0.0932716122225516;0;0;0.07356398073229585
21019A35-;718;404;35;0.7771040962871287;0.08663366336633663;0.402865346039604;0.17004999999999998;0.20398703300704216;0.02644971493090593;0;0.17200572413745846
21019A40-;1257;544;38;1.3095287977941177;0.06985294117647059;0.3782261022058823;0.19375;0.186563318222435;0.05181267198423017;0.21307331570471255;0.03024600146386143
21019A41-;492;198;6;1.4823737373737371;0.0303030303030303;0.16708754191919192;0.11666665999999999;0.1676949881347888;0.00949216896060749;0.4487017897655659;0.1066633072851021
21019A42-;647;324;17;0.9970987645061729;0.05246913580246913;0.4858359046296296;0.16690000000000002;0.0491577399022521;0.00318585482192171;0.01234996726022135;0.08132453440855762
21019A43-;215;87;1;1.4744046896551726;0.01149425287356321;0.3499718011494253;0.0775;0.1812704458850266;0.01325226463465989;0;0.15962315464416937
21019A441;123;48;3;1.5601138958333334;0.0625;0.40059027708333333;0.075;0.10926598176076915;0.02920731199045856;0;0.10125622156470296
21019A45-;411;175;34;1.3461;0.19428571428571428;0.32862857085714287;0.1549;0.2322709597813037;0.01718247743175285;0;0.1287674754037449
21019A492;1;1;0;0;0;0;0;0;0;0;0
21019A51-;921;643;44;0.43231778071539656;0.06842923794712286;0.37099948071539657;0.32039999;0.2122595906584621;0.04844155492650501;0;0.15341915228207378
21019A52-;836;590;51;0.41659887101694915;0.08644067796610169;0.4453107342372881;0.17376667;0.23061599527608803;0.02911025373685369;0;0.18107188911107475
