MDRC,Allemagne2000,Allemagne2005,Allemagne2010,Allemagne2015,Autriche2000,Autriche2005,Autriche2010,Autriche2015,Belgique2000,Belgique2005,Belgique2010,Belgique2015,Bulgarie2000,Bulgarie2005,Bulgarie2010,Bulgarie2015,Chypre2000,Chypre2005,Chypre2010,Chypre2015,Croatie2000,Croatie2005,Croatie2010,Croatie2015,Danemark2000,Danemark2005,Danemark2010,Danemark2015,Espagne2000,Espagne2005,Espagne2010,Espagne2015,Estonie2000,Estonie2005,Estonie2010,Estonie2015,Finlande2000,Finlande2005,Finlande2010,Finlande2015,France2000,France2005,France2010,France2015,Gr_ce2000,Gr_ce2005,Gr_ce2010,Gr_ce2015,Hongrie2000,Hongrie2005,Hongrie2010,Hongrie2015,Irlande2000,Irlande2005,Irlande2010,Irlande2015,Italie2000,Italie2005,Italie2010,Italie2015,Lettonie2000,Lettonie2005,Lettonie2010,Lettonie2015,Lituanie2000,Lituanie2005,Lituanie2010,Lituanie2015,Luxembourg2000,Luxembourg2005,Luxembourg2010,Luxembourg2015,Malte2000,Malte2005,Malte2010,Malte2015,Pays_Bas2000,Pays_Bas2005,Pays_Bas2010,Pays_Bas2015,Pologne2000,Pologne2005,Pologne2010,Pologne2015,Portugal2000,Portugal2005,Portugal2010,Portugal2015,R_publique_Tch_que2000,R_publique_Tch_que2005,R_publique_Tch_que2010,R_publique_Tch_que2015,Roumanie2000,Roumanie2005,Roumanie2010,Roumanie2015,Royaume_Uni2000,Royaume_Uni2005,Royaume_Uni2010,Royaume_Uni2015,Slov_nie2000,Slov_nie2005,Slov_nie2010,Slov_nie2015,Slovaquie2000,Slovaquie2005,Slovaquie2010,Slovaquie2015,Su_de2000,Su_de2005,Su_de2010,Su_de2015,Z_Pop_EU28notBEL2000,Z_Pop_EU28notBEL2005,Z_Pop_EU28notBEL2010,Z_Pop_EU28notBEL2015,Z_Pop_EU28tot2000,Z_Pop_EU28tot2005,Z_Pop_EU28tot2010,Z_Pop_EU28tot2015,Z_Pop_etranger2000,Z_Pop_etranger2005,Z_Pop_etranger2010,Z_Pop_etranger2015,Z_Pop_total2000,Z_Pop_total2005,Z_Pop_total2010,Z_Pop_total2015
1,29,41,51,41,7,4,9,6,1394,1505,1560,1567,3,2,8,15,1,0,5,4,0,1,2,5,8,13,3,7,91,90,87,112,0,0,0,1,12,12,15,16,165,225,368,459,36,50,42,47,1,2,11,10,10,10,11,7,97,111,157,217,0,0,4,3,0,1,3,7,6,4,7,10,0,1,2,0,29,50,57,47,2,9,34,41,48,34,50,47,2,5,1,3,3,12,21,66,42,71,51,57,0,0,3,5,0,1,1,5,40,26,19,19,632,775,1022,1257,2026,2280,2582,2824,848,1078,1418,1773,2242,2583,2978,3340
2,38,63,82,91,9,20,13,11,4147,5351,5345,5271,2,8,18,20,0,0,5,2,1,5,0,8,7,15,16,19,225,199,181,265,0,3,3,3,10,16,14,13,251,324,466,618,52,67,48,87,6,9,9,12,17,15,15,20,149,149,189,246,1,3,7,8,1,1,13,11,10,6,8,9,0,0,4,6,58,102,139,143,9,61,90,84,47,41,64,91,2,2,9,5,3,44,222,311,53,92,84,75,0,0,3,12,1,2,3,8,18,14,36,18,970,1261,1741,2196,5117,6612,7086,7467,2726,2542,3118,3565,6873,7893,8463,8836
3,32,42,77,82,7,14,18,13,3019,3417,3856,4061,3,2,23,39,0,0,0,2,0,1,2,8,7,13,11,13,125,129,119,143,2,2,2,2,10,16,17,11,223,227,397,531,56,46,58,74,8,5,6,6,8,3,14,12,118,108,126,174,0,0,5,2,0,1,4,11,5,2,9,5,0,1,3,0,49,68,101,98,10,28,64,66,32,19,38,53,2,4,3,5,21,19,95,149,53,64,59,54,1,1,2,2,1,2,1,8,20,20,25,15,793,837,1279,1578,3812,4254,5135,5639,1800,1517,2261,2678,4819,4934,6117,6739
4,6,13,24,17,0,1,4,1,661,777,1068,1231,0,1,3,20,0,0,0,0,0,2,1,2,1,0,2,5,18,25,55,70,0,0,1,2,0,1,4,2,36,47,110,182,5,9,3,14,0,2,3,6,4,3,2,7,42,39,37,58,0,0,2,10,0,0,0,2,1,2,4,2,0,0,0,1,4,8,16,26,8,13,32,29,19,18,17,48,0,0,0,2,2,10,13,51,3,11,22,25,0,0,2,3,0,0,1,3,2,3,3,5,151,208,361,593,812,985,1429,1824,303,315,617,1038,964,1092,1685,2269
5,20,26,28,36,10,8,4,7,1015,1082,1054,1160,1,6,10,19,0,0,3,0,2,0,1,5,8,1,2,5,51,58,61,87,0,6,5,1,11,5,9,7,94,104,210,254,14,5,7,16,3,4,6,8,5,7,2,11,32,39,59,87,0,0,1,3,2,0,1,3,4,2,2,3,0,1,1,1,26,24,24,38,3,9,72,54,17,10,9,20,0,2,2,3,3,16,41,35,36,22,37,36,0,2,4,4,0,2,2,2,14,7,8,8,356,366,611,753,1371,1448,1665,1913,505,552,956,1108,1520,1634,2010,2268
6,4,5,5,5,0,1,1,1,160,170,156,151,0,0,0,4,0,0,0,0,0,0,0,0,0,0,1,0,5,11,8,9,0,0,0,0,0,1,0,0,21,23,31,37,2,2,5,1,0,0,2,2,0,0,1,1,5,3,6,14,0,0,0,0,0,0,0,1,0,0,2,1,0,0,0,1,2,1,3,6,1,1,1,3,9,14,13,14,0,0,0,0,0,2,2,11,3,7,10,4,0,0,0,1,0,0,0,2,3,5,5,3,55,76,96,121,215,246,252,272,85,149,157,181,245,319,313,332
7,45,47,57,46,7,7,8,7,1433,1402,1291,1333,1,3,5,11,1,0,1,2,0,0,0,8,18,19,6,7,64,85,72,84,0,1,2,4,11,14,6,6,168,201,292,377,23,19,33,35,3,2,7,3,13,4,6,7,95,104,124,158,0,0,1,6,0,1,4,8,5,6,6,6,0,0,2,0,40,44,48,55,10,27,56,56,39,31,36,35,0,1,7,6,2,5,26,41,58,66,66,61,0,0,4,4,0,1,5,6,30,38,36,26,633,726,916,1065,2066,2128,2207,2398,924,1022,1205,1434,2357,2424,2496,2767
8,25,44,43,49,3,10,2,6,5342,6863,7565,8473,1,4,9,25,0,0,0,2,1,0,1,2,4,13,4,3,458,351,305,380,0,3,3,0,2,2,3,4,243,292,389,431,28,17,35,43,8,12,10,10,3,7,6,5,153,140,141,190,0,0,0,3,0,2,1,5,9,8,7,14,1,2,0,1,27,34,52,66,21,48,158,163,168,141,172,190,1,1,2,1,2,20,152,283,32,35,28,29,1,1,4,3,1,0,2,4,7,4,8,7,1199,1191,1537,1919,6541,8054,9102,10392,3849,3069,3476,3958,9191,9932,11041,12431
9,16,22,34,33,7,1,8,6,1796,2115,1778,1820,4,2,1,8,0,0,3,1,0,1,2,0,2,7,7,0,127,99,121,139,0,0,1,1,1,2,4,4,117,160,236,263,27,36,32,44,1,5,5,5,8,6,5,3,57,53,76,123,0,1,2,3,1,0,2,4,4,3,6,1,0,0,0,0,25,40,59,47,8,28,47,51,23,30,24,43,0,0,1,1,0,9,60,45,22,38,32,26,0,2,6,4,0,0,1,4,5,13,9,13,455,558,784,872,2251,2673,2562,2692,1147,1225,1398,1541,2943,3340,3176,3361
10,15,33,46,41,2,3,6,4,3858,5650,6338,6399,1,5,21,31,0,0,0,0,3,2,2,5,2,2,0,2,463,346,331,380,0,0,0,1,7,2,5,8,202,217,361,410,32,30,27,30,11,10,9,8,1,3,9,8,146,131,129,213,0,2,1,2,0,1,3,3,6,7,4,5,0,0,0,0,24,45,106,132,12,30,144,106,67,52,59,67,1,0,1,3,4,19,153,239,17,28,27,28,1,0,1,6,0,0,3,7,7,4,11,3,1024,972,1459,1742,4882,6622,7797,8141,4332,3320,3803,4061,8190,8970,10141,10460
11,5,15,21,31,0,1,1,3,3313,5045,5901,6284,4,26,88,157,0,0,0,0,0,0,0,1,3,1,0,1,399,282,272,376,0,0,0,0,0,1,1,7,168,170,206,234,160,127,98,99,0,2,2,5,1,1,0,1,627,463,358,322,0,0,0,2,0,0,1,2,9,6,4,3,0,0,0,0,36,56,57,97,15,104,245,243,456,495,505,620,2,0,1,2,6,31,402,893,29,37,22,22,0,0,3,1,0,0,2,2,1,0,2,0,1921,1818,2291,3124,5234,6863,8192,9408,4475,3772,4764,5900,7788,8817,10665,12184
12,5,4,10,16,0,0,0,3,3562,4918,5307,5725,0,10,85,139,0,0,0,0,0,1,0,0,0,0,2,1,163,120,127,241,0,0,0,0,0,0,0,0,125,113,120,155,262,180,118,88,9,3,0,0,0,0,4,3,569,463,332,317,0,0,0,0,0,0,0,0,6,3,2,4,0,0,0,0,8,17,56,51,16,43,231,304,221,221,205,290,0,0,0,3,2,29,176,556,19,13,10,17,1,1,1,2,0,0,0,0,1,1,1,1,1407,1222,1480,2191,4969,6140,6787,7916,3836,2910,3187,4002,7398,7828,8494,9727
13,4,5,5,13,0,0,0,0,1536,2421,3085,3496,1,5,24,50,0,0,0,0,0,0,0,0,0,0,0,1,104,72,93,136,1,0,0,3,0,0,0,1,53,61,72,78,77,28,6,8,0,0,0,5,0,0,0,1,188,119,105,117,0,0,0,1,0,3,0,0,2,0,0,1,0,0,0,0,2,14,32,46,3,42,121,127,81,47,83,89,0,0,0,0,0,14,201,302,3,11,9,11,2,0,2,0,0,0,0,9,0,0,4,3,521,421,757,1002,2057,2842,3842,4498,2031,1491,2089,2508,3567,3912,5174,6004
14,0,2,4,8,0,0,0,1,1745,2519,3039,3502,0,0,9,14,0,0,0,0,0,0,0,0,0,0,2,2,65,49,76,168,0,0,0,0,0,0,0,0,99,96,116,126,26,28,17,17,0,0,1,1,0,1,0,1,292,209,138,137,0,0,1,0,0,0,4,0,1,0,0,2,0,0,0,0,2,10,32,43,5,23,71,65,17,7,37,32,0,0,5,1,2,4,76,188,7,5,6,8,0,0,1,0,0,1,0,0,3,4,2,2,519,439,598,816,2264,2958,3637,4318,1758,1318,1580,1815,3503,3837,4619,5317
15,12,7,17,12,1,0,0,0,4004,5720,6415,6280,5,1,6,36,0,0,0,0,0,0,2,0,1,1,1,1,98,83,99,322,0,0,0,0,0,0,1,1,304,271,248,214,37,29,16,15,3,1,1,1,0,0,0,0,275,149,160,193,0,0,0,0,0,0,0,0,2,1,1,0,0,0,0,0,5,15,45,54,3,20,52,64,36,37,19,14,2,1,1,1,1,27,181,356,9,2,4,5,0,0,0,0,0,1,2,1,0,0,0,4,794,646,856,1294,4798,6366,7271,7574,3687,2793,2780,3127,7691,8513,9195,9407
16,21,21,32,26,0,0,4,0,7137,11013,12525,12892,1,4,21,37,0,0,0,0,4,2,2,3,6,6,5,3,136,135,222,486,0,0,1,0,0,6,5,7,615,524,501,492,111,79,55,49,1,1,1,7,1,4,4,3,442,300,241,277,0,0,3,0,0,0,2,1,1,0,1,1,0,0,0,1,34,49,156,127,9,50,124,133,81,86,69,69,0,0,2,0,1,79,403,588,31,26,27,28,0,0,2,2,0,0,10,5,1,2,3,5,1496,1374,1896,2350,8633,12387,14421,15242,7520,5400,5479,5672,14657,16413,18004,18564
17,6,5,14,12,1,4,2,2,4217,5218,5851,6069,3,8,34,64,1,0,0,0,0,1,0,0,0,2,3,3,117,83,113,151,0,4,0,0,1,1,1,4,208,170,189,172,117,91,58,43,1,0,2,0,0,3,1,0,188,142,119,101,0,0,0,0,1,0,0,1,4,2,2,3,0,0,0,0,11,14,35,34,14,30,82,129,73,53,48,51,0,0,1,1,2,22,254,473,4,7,8,7,1,0,0,0,0,0,0,5,0,1,0,1,753,643,966,1257,4970,5861,6817,7326,2208,1732,2166,2517,6425,6950,8017,8586
18,22,19,25,48,9,3,2,2,7764,9969,11093,11659,0,13,51,88,0,0,0,0,1,0,1,0,3,6,1,11,188,162,216,465,0,0,0,2,6,9,5,0,415,376,432,433,84,61,36,34,2,0,8,9,2,3,2,5,260,210,208,255,4,1,0,5,1,1,1,3,5,5,6,4,0,0,2,2,41,66,142,167,20,95,226,301,119,108,109,125,2,0,0,2,14,94,575,1167,26,16,23,40,0,0,0,5,0,0,3,3,1,2,3,6,1225,1250,2077,3182,8989,11219,13170,14841,5262,4318,4936,6283,13026,14287,16029,17942
19,12,13,22,43,0,0,0,2,3999,4888,5200,5239,1,2,29,63,0,0,0,0,0,0,0,0,0,0,0,2,63,52,77,175,0,0,2,4,0,0,3,5,121,138,141,155,40,49,35,36,2,0,1,3,4,2,2,1,274,223,157,155,0,0,0,0,0,0,1,2,0,1,1,1,0,0,0,0,14,24,45,41,24,31,151,195,40,32,32,38,0,1,0,1,2,33,347,767,11,13,18,10,0,0,1,6,0,0,0,0,2,1,3,7,610,615,1068,1712,4609,5503,6268,6951,1789,1566,2265,2992,5788,6454,7465,8231
20,18,27,37,31,0,1,1,6,7661,10275,11492,11957,1,17,105,224,0,0,1,1,3,1,1,0,1,7,3,1,205,156,198,488,0,0,0,0,0,0,2,3,362,310,327,320,159,118,78,66,4,2,3,12,0,0,0,1,497,420,316,337,0,0,1,1,0,0,4,4,5,3,4,5,0,0,0,0,22,38,116,183,24,100,284,367,75,34,51,57,2,1,0,1,7,54,615,1154,10,13,21,25,1,1,3,1,2,0,3,2,0,0,3,3,1398,1303,2177,3293,9059,11578,13669,15250,5463,4195,5261,6544,13124,14470,16753,18501
21,13,20,27,28,0,2,3,7,6105,8512,9486,10021,3,35,230,563,0,0,0,1,1,0,1,3,2,0,0,0,143,112,149,264,0,0,0,0,1,2,3,3,254,248,281,320,457,346,244,203,10,2,4,6,3,3,3,3,212,143,150,207,0,0,1,1,0,0,0,2,0,4,2,2,0,0,0,0,42,54,89,114,19,80,235,240,93,83,77,82,0,1,2,2,2,54,297,464,20,15,26,33,0,0,6,0,1,0,1,6,1,2,9,8,1277,1206,1840,2562,7382,9718,11326,12583,5226,3863,4595,5645,11331,12375,14081,15666
22,30,23,36,48,2,2,10,7,7607,10778,11509,11487,3,46,433,1235,0,0,1,0,1,5,6,6,4,4,10,10,233,173,224,380,0,0,1,1,3,2,5,6,300,233,278,351,321,233,164,144,6,1,1,10,2,6,5,2,323,222,179,211,0,0,2,1,0,0,5,4,9,7,7,9,0,0,0,0,64,70,154,151,39,144,451,468,104,61,50,84,4,2,1,10,10,93,554,1034,29,32,33,33,0,0,3,2,0,2,1,20,3,0,9,4,1490,1361,2623,4231,9097,12139,14132,15718,7758,5392,6494,7993,15365,16170,18003,19480
23,34,48,64,55,6,2,4,6,8841,11255,12059,12118,9,39,220,522,0,0,0,0,0,0,0,1,10,2,2,2,242,180,216,442,0,1,4,4,6,3,1,4,356,339,410,438,192,136,101,71,7,2,2,8,8,12,8,4,245,201,191,197,0,0,0,0,0,1,4,6,9,8,11,6,0,0,0,1,36,52,97,117,37,173,369,388,116,87,70,87,10,9,1,6,3,76,177,321,45,34,49,29,0,0,4,2,6,3,4,7,2,0,9,6,1379,1408,2018,2730,10220,12663,14077,14848,5943,4405,5253,5907,14784,15660,17312,18025
24,45,26,46,47,8,4,4,10,7950,10724,11143,11241,8,97,821,1959,0,0,0,1,5,2,2,7,3,8,9,3,204,152,185,363,0,1,4,2,9,5,2,6,285,266,351,430,154,118,91,72,3,8,16,8,6,2,7,10,213,185,174,228,0,0,2,2,0,0,7,5,13,11,8,8,0,0,1,0,44,48,92,106,30,124,309,329,85,65,82,97,0,4,3,3,3,29,170,441,37,32,39,38,0,2,1,7,1,1,7,5,4,3,5,14,1160,1193,2438,4201,9110,11917,13581,15442,7345,4994,6192,7597,15295,15718,17335,18838
25,78,82,114,98,15,6,13,18,8715,10881,11370,10832,8,51,363,846,1,1,1,4,5,0,3,12,38,16,14,23,289,220,288,658,0,5,8,9,19,22,18,14,430,434,543,627,60,67,53,71,7,14,20,27,30,19,19,24,430,353,393,499,0,3,7,18,2,3,8,13,10,8,10,15,0,3,3,1,83,68,123,120,41,156,534,494,165,139,145,146,2,9,11,14,7,52,543,872,136,92,84,92,0,2,15,13,1,7,9,21,23,19,15,12,1880,1851,3357,4761,10595,12732,14727,15593,6826,5308,6973,8168,15541,16189,18343,19000
26,109,143,220,191,13,18,18,21,9662,10581,11124,11063,1,29,160,415,0,1,2,2,0,0,1,15,20,23,23,27,207,228,260,445,1,1,6,9,16,8,20,26,482,514,591,718,142,105,85,106,6,11,36,25,39,39,25,25,701,593,582,594,0,0,13,15,0,2,14,14,26,18,18,12,0,3,1,0,76,93,113,103,51,206,667,746,438,396,341,371,0,1,29,20,22,30,241,721,134,133,154,120,1,1,3,6,2,4,13,34,14,13,29,27,2501,2613,3665,4808,12163,13194,14789,15871,4738,4493,5726,6999,14400,15074,16850,18062
27,64,67,70,98,8,4,6,5,4586,4642,4742,4658,0,10,34,145,0,1,0,0,1,1,0,4,14,17,18,8,103,112,122,177,0,0,0,1,8,12,13,10,247,226,290,350,61,61,41,54,4,2,6,16,14,17,13,10,228,223,181,216,0,0,0,5,0,4,1,10,5,5,2,5,0,0,1,0,60,68,81,80,11,46,229,238,130,125,107,115,0,4,4,11,9,11,68,131,78,51,57,52,0,0,2,2,1,3,7,5,3,3,8,14,1049,1073,1361,1762,5635,5715,6103,6420,1635,1589,1969,2417,6221,6231,6711,7075
28,128,133,170,196,24,35,25,21,6121,6080,5938,5731,0,4,49,94,1,0,2,1,1,5,3,22,26,27,28,34,194,246,246,306,3,9,9,17,22,46,42,33,354,430,532,578,69,90,98,102,10,8,32,39,70,54,66,54,434,390,393,426,1,3,10,9,0,7,15,16,8,9,6,9,1,0,4,4,71,73,71,79,13,93,326,388,187,161,194,241,0,6,32,40,6,27,193,407,154,158,171,159,1,2,14,14,0,6,16,16,30,46,41,30,1808,2068,2788,3335,7929,8148,8726,9066,2320,2648,3573,4213,8441,8728,9511,9944
29,320,422,459,405,79,78,60,58,5796,5622,5152,5091,11,23,182,234,0,6,27,33,1,0,12,46,101,78,65,67,386,389,379,624,12,16,42,26,126,139,101,92,639,760,942,1027,196,204,213,242,1,38,89,76,149,145,138,156,532,578,595,703,2,21,56,63,0,25,61,54,12,16,13,18,0,10,30,9,128,178,190,217,48,187,611,668,246,234,194,268,4,33,71,70,8,53,349,619,457,477,410,380,5,20,51,46,6,24,63,64,114,112,87,87,3583,4266,5490,6352,9379,9888,10642,11443,4939,5333,6894,8190,10735,10955,12046,13281
30,235,306,328,353,64,68,60,54,5560,5294,4861,4596,6,21,59,64,0,0,4,10,0,1,8,26,46,34,43,25,318,367,353,401,1,8,23,31,89,75,62,72,572,657,855,1001,150,130,125,165,1,24,86,99,72,74,78,79,349,351,385,496,0,13,25,22,0,16,30,33,23,25,24,13,2,0,8,11,126,151,153,166,73,123,311,400,239,240,298,271,3,16,44,41,7,21,122,226,347,338,364,322,2,12,22,19,5,38,39,58,107,91,83,84,2837,3200,3992,4542,8397,8494,8853,9138,3582,4016,4966,5776,9142,9310,9827,10372
31,119,179,227,236,19,29,40,45,3858,3633,3394,3304,4,3,22,54,0,0,6,11,0,3,20,22,44,34,26,22,135,179,217,308,0,4,12,13,71,71,71,40,355,423,563,625,69,76,79,122,3,11,26,51,41,37,39,53,184,192,275,352,0,3,5,15,0,3,26,18,19,20,18,18,0,1,5,6,79,67,77,83,14,47,135,195,191,168,180,178,3,7,25,30,8,22,47,116,181,195,200,239,1,1,7,9,2,5,9,21,59,65,77,65,1601,1845,2434,2947,5459,5478,5828,6251,1966,2237,2877,3510,5824,5870,6271,6814
32,129,193,264,288,41,44,57,52,8613,8402,7748,7438,10,20,54,112,1,3,7,8,1,3,0,33,28,43,44,33,298,323,296,420,0,10,23,26,43,95,88,58,503,733,1013,1101,97,135,116,186,6,59,110,106,56,66,57,63,509,510,560,652,0,8,24,28,0,7,23,33,19,14,20,31,2,1,7,17,80,88,112,122,39,246,654,706,234,224,244,269,4,24,45,71,10,36,160,314,189,217,211,212,0,10,29,27,2,13,56,41,34,73,61,45,2335,3198,4335,5054,10948,11600,12083,12492,3394,4218,5470,6406,12007,12620,13218,13844
33,75,123,207,237,16,30,33,46,10512,10959,11014,10439,5,15,52,77,0,1,14,13,1,2,2,28,11,25,23,21,249,239,273,395,0,9,6,12,16,14,24,39,498,634,946,1129,56,76,78,135,6,21,45,61,25,39,63,70,323,336,452,573,0,8,11,24,2,6,16,18,17,17,18,16,0,0,6,10,53,61,76,141,45,222,775,953,321,319,323,369,3,11,49,53,8,39,208,384,89,113,150,190,0,5,25,37,1,6,34,32,19,33,43,37,1839,2404,3952,5100,12351,13363,14966,15539,3703,4031,5781,7156,14215,14990,16795,17595
34,104,122,188,169,23,21,24,39,4560,4872,4881,4862,4,7,60,98,2,2,8,9,0,0,1,35,41,42,22,29,225,216,225,325,0,4,11,12,32,37,52,40,318,489,588,649,39,43,63,118,3,11,42,75,36,47,55,47,260,265,349,439,0,4,15,21,0,6,31,33,13,15,13,11,0,2,7,15,64,60,65,77,19,83,226,268,174,162,151,154,1,16,15,40,4,24,137,237,136,168,143,138,0,4,27,38,1,14,15,36,28,30,32,33,1527,1894,2565,3185,6087,6766,7446,8047,2416,2721,3451,4171,6976,7593,8332,9033
35,53,57,74,89,16,18,15,13,871,835,770,724,1,4,30,42,0,1,2,11,1,1,1,24,9,10,11,13,93,108,87,132,0,7,11,13,23,21,18,25,101,139,182,273,13,22,20,42,1,6,16,40,15,15,22,18,102,90,113,202,0,5,9,12,0,13,12,18,10,5,1,6,0,1,2,4,35,30,36,27,3,16,67,94,35,57,58,80,0,5,16,13,3,20,48,93,59,66,70,59,1,5,6,15,0,7,18,17,21,22,14,12,595,751,959,1387,1466,1586,1729,2111,748,908,1171,1643,1619,1743,1941,2367
36,119,152,190,179,15,20,26,29,3649,3826,3727,3585,1,4,29,85,0,1,5,5,1,0,6,12,36,40,33,32,205,236,268,381,0,4,10,8,24,25,29,42,460,685,926,1121,66,62,71,98,5,14,22,25,38,52,41,48,258,288,364,494,0,2,8,20,0,4,9,29,24,29,18,18,0,2,0,6,77,82,96,98,32,117,285,276,157,141,167,164,3,39,77,54,11,4,119,244,198,238,196,137,0,3,16,25,0,7,11,12,52,68,54,32,1782,2319,3076,3674,5431,6145,6803,7259,2802,3492,4447,5172,6451,7318,8174,8757
37,134,169,225,226,15,27,25,29,7480,8127,7831,7587,8,9,14,33,0,0,0,4,5,3,2,9,26,60,43,28,254,261,235,352,0,4,9,5,22,21,25,19,773,964,1225,1525,38,43,51,84,5,10,22,32,29,29,24,34,378,369,370,557,0,5,3,9,1,2,13,13,32,32,25,19,0,1,1,6,72,71,89,106,39,133,389,434,862,738,589,502,3,10,12,14,11,42,189,311,130,172,139,183,1,1,10,8,1,2,12,14,29,36,41,48,2868,3214,3782,4604,10348,11341,11613,12191,4851,4943,5419,6438,12331,13070,13250,14025
38,64,114,147,206,10,15,18,22,5471,5860,6129,5773,2,5,17,30,0,0,3,1,0,3,2,8,27,37,30,21,122,170,205,289,0,1,2,4,21,26,22,20,421,533,830,1011,22,40,54,79,2,6,14,28,12,15,34,31,220,227,300,381,0,0,1,6,0,3,9,12,29,27,17,22,0,0,6,4,58,58,85,130,23,77,195,256,149,152,206,216,5,7,16,20,12,14,57,134,135,140,147,145,0,2,10,17,0,3,10,8,35,38,47,40,1369,1713,2484,3141,6840,7573,8613,8914,2218,2485,3389,4222,7689,8345,9518,9995
39,158,190,189,193,31,35,24,24,4215,4147,3842,3943,3,10,27,24,1,3,7,5,10,4,3,14,47,43,31,38,206,201,199,290,0,3,4,8,51,62,46,35,624,798,1050,1308,148,146,94,118,3,8,23,34,61,43,33,45,402,374,422,484,0,7,12,10,0,0,6,12,25,29,24,20,0,1,1,5,92,116,125,128,15,40,74,83,302,283,261,311,7,8,13,20,15,26,76,112,283,280,230,220,3,6,14,12,0,3,11,16,124,123,84,47,2611,2842,3083,3616,6826,6989,6925,7559,3533,3840,4074,4536,7748,7987,7916,8479
40,110,159,186,176,26,32,21,17,2926,2915,2796,2665,1,11,15,26,0,3,7,3,2,1,4,8,18,33,28,28,109,131,125,196,0,4,3,5,33,33,19,17,466,579,761,996,62,84,75,100,5,18,20,33,33,33,34,52,186,224,257,345,1,2,5,4,0,4,8,21,24,17,17,11,0,4,4,4,75,94,78,85,26,63,121,120,132,136,109,122,2,7,14,12,7,21,59,97,201,194,159,156,0,3,5,8,1,5,11,11,66,57,53,36,1586,1952,2198,2689,4512,4867,4994,5354,2070,2518,2770,3238,4996,5433,5566,5903
41,82,113,145,155,11,12,15,18,3979,4007,3886,3813,15,3,17,34,0,2,4,3,2,3,6,17,18,16,15,18,259,237,215,280,0,2,2,7,17,21,14,16,509,593,930,1427,104,109,111,121,4,18,15,19,15,15,11,29,255,255,346,468,0,1,2,6,1,5,11,13,15,12,10,12,0,7,9,12,79,59,67,89,63,155,407,407,259,225,271,259,0,6,5,8,11,27,114,262,130,140,120,129,0,1,3,8,0,3,9,15,52,52,47,51,1901,2092,2921,3883,5880,6099,6807,7696,2746,2891,3810,4900,6725,6898,7696,8713
42,151,217,268,273,32,41,40,43,4554,4097,3905,3767,10,13,32,38,2,3,14,10,1,2,4,13,51,46,58,74,178,224,222,340,0,5,4,7,40,30,58,40,742,980,1296,1629,93,104,113,158,12,10,26,34,62,89,59,62,389,376,438,619,2,1,6,3,0,6,14,12,27,27,27,23,1,6,10,11,135,146,162,193,21,56,137,144,228,202,181,175,5,7,12,17,28,37,104,202,320,332,303,298,0,5,7,21,0,9,8,12,144,130,104,94,2674,3104,3707,4545,7228,7201,7612,8312,3368,3868,4548,5443,7922,7965,8453,9210
43,286,389,441,442,38,45,60,69,9557,9150,8509,7930,11,24,51,52,4,6,9,6,4,6,7,30,86,97,82,96,364,357,342,409,0,3,4,8,51,71,43,43,1272,1735,2191,2896,157,139,139,158,23,34,62,78,50,80,76,85,572,680,733,893,2,4,13,18,0,3,9,16,44,43,47,34,1,5,5,4,197,235,244,254,46,148,227,209,304,322,320,336,4,11,23,32,22,40,95,217,440,500,423,407,2,2,12,18,12,16,11,22,220,226,174,156,4212,5221,5843,6988,13769,14371,14352,14918,5475,6516,7174,8370,15032,15666,15683,16300
44,109,128,160,158,22,25,20,19,7972,7927,7869,7733,16,24,34,50,2,0,2,1,3,4,3,5,18,12,35,25,251,252,234,312,0,2,2,4,34,30,19,15,874,1093,1351,1654,124,97,90,122,37,35,41,43,33,21,34,32,407,406,402,526,0,2,6,5,1,1,0,4,35,28,22,24,0,0,7,6,105,106,120,112,18,57,125,149,236,285,273,323,5,2,4,8,39,38,126,184,184,203,168,166,7,1,9,18,1,4,13,10,104,98,68,63,2665,2954,3368,4038,10637,10881,11237,11771,3825,3891,4355,5066,11797,11818,12224,12799
45,40,51,81,94,5,10,6,7,6226,6306,6223,6181,1,4,6,13,0,0,0,3,2,0,1,5,5,17,6,5,225,212,169,195,0,0,0,0,8,6,10,8,348,464,717,1034,41,33,43,50,0,3,11,9,12,6,12,9,340,302,243,296,0,0,3,5,0,1,3,8,13,20,19,12,0,0,0,0,35,45,43,70,24,102,324,336,272,308,256,310,0,1,1,4,6,20,85,195,54,67,80,62,0,1,1,6,2,2,1,4,23,23,30,24,1456,1698,2151,2764,7682,8004,8374,8945,2074,2303,2787,3578,8300,8609,9010,9759
46,37,52,49,65,5,7,7,9,6190,6190,5963,5824,0,8,9,13,0,0,0,1,4,1,1,5,7,4,9,4,143,149,144,158,0,0,0,0,5,6,4,5,294,345,455,606,22,23,30,38,4,3,4,4,0,2,3,5,167,181,191,210,3,2,3,8,0,0,0,1,18,13,12,9,0,0,0,4,21,32,49,45,19,44,210,291,111,126,196,269,1,2,2,2,3,9,55,115,40,48,57,55,0,0,4,4,0,3,3,4,7,4,4,13,911,1064,1501,1943,7101,7254,7464,7767,1191,1326,1865,2468,7381,7516,7828,8292
47,61,146,203,217,12,16,20,36,8481,8742,8562,8171,4,15,10,35,0,0,0,2,1,0,1,5,11,22,25,21,641,541,463,602,0,0,2,3,8,19,17,24,644,790,1227,1780,113,117,90,91,12,11,18,21,14,23,39,38,637,604,594,624,0,1,4,5,0,0,3,9,21,25,29,19,0,2,8,5,72,76,114,131,55,221,561,594,800,803,868,830,0,10,12,8,6,26,151,309,113,131,186,179,1,1,2,11,0,3,7,10,28,54,70,57,3254,3657,4724,5666,11735,12399,13286,13837,4389,4809,6074,7354,12870,13551,14636,15525
48,23,36,43,66,3,3,5,5,5778,7114,7462,7779,3,2,18,30,0,1,0,2,5,3,0,2,6,6,7,2,985,738,613,630,0,0,2,3,4,5,9,7,294,415,649,769,536,376,258,230,7,6,12,5,3,0,7,8,504,395,353,387,0,1,0,3,0,0,1,1,7,5,8,8,0,0,0,0,30,46,66,65,35,125,384,456,1055,889,819,967,0,3,3,1,6,39,212,357,58,49,48,60,0,1,2,1,0,2,1,2,5,7,8,10,3569,3153,3528,4077,9347,10267,10990,11856,6431,5273,5693,6392,12209,12387,13155,14171
49,8,12,17,27,3,6,2,3,3304,4182,4347,4257,0,0,5,14,0,0,0,0,1,1,1,1,0,1,0,0,492,397,312,351,0,0,0,0,0,1,8,6,124,158,239,314,172,136,98,82,4,1,1,0,2,0,1,3,372,331,258,222,0,0,0,0,0,2,2,0,2,4,4,2,0,0,0,0,13,20,40,36,5,56,178,200,715,656,589,584,0,0,0,0,5,31,87,169,16,6,6,15,0,0,0,0,0,0,3,3,0,2,1,3,1934,1821,1852,2035,5238,6003,6199,6292,3659,3024,3150,3349,6963,7206,7497,7606
50,6,13,25,46,1,1,2,5,5633,7557,8146,8343,0,8,11,27,0,0,1,0,1,1,1,2,0,3,4,3,622,441,437,561,0,0,1,3,0,3,1,1,235,262,316,496,292,198,148,98,0,3,3,3,4,3,6,9,905,740,610,627,0,2,2,6,0,0,0,6,4,5,4,5,0,0,0,0,19,21,66,55,40,105,247,355,361,391,416,478,2,1,0,1,1,37,173,345,30,29,38,46,0,0,2,0,0,1,2,4,3,5,9,9,2526,2273,2525,3191,8159,9830,10671,11534,5809,4559,4870,5608,11442,12116,13016,13951
51,37,36,47,54,1,9,13,12,7657,8015,8059,8150,3,6,21,33,0,1,0,0,0,0,0,0,2,4,3,6,388,344,324,402,0,0,1,0,4,1,3,1,341,357,393,578,128,111,76,86,2,5,5,4,4,1,4,2,599,557,465,486,0,0,1,7,1,0,0,3,11,5,6,5,0,0,1,0,34,35,44,66,17,82,287,379,244,372,355,471,2,1,0,3,9,33,136,371,23,30,31,30,0,0,3,4,1,3,4,5,1,8,10,6,1852,2001,2233,3014,9509,10016,10292,11164,2847,2859,3321,4345,10504,10874,11380,12495
52,10,9,15,22,1,0,3,3,9791,10399,10529,10448,3,9,31,90,1,0,0,1,1,0,0,0,1,2,0,2,398,334,337,349,0,0,0,0,1,0,3,0,333,313,352,418,148,111,90,72,4,1,2,11,1,1,1,2,605,557,530,492,0,0,2,2,0,0,0,3,13,16,12,7,0,0,0,0,31,32,55,55,22,115,411,602,209,245,285,395,1,2,0,0,2,38,396,1054,17,16,16,14,0,0,0,0,0,2,3,4,1,2,0,4,1803,1805,2544,3602,11594,12204,13073,14050,2742,2818,3913,5291,12533,13217,14442,15739
53,6,7,16,15,1,1,1,3,8250,8579,9729,10762,1,8,11,35,0,0,0,0,2,0,0,0,0,0,0,0,310,290,309,268,0,1,0,1,0,0,0,2,176,149,231,308,79,73,68,63,2,0,0,3,3,3,2,3,280,311,363,384,0,0,0,0,0,0,1,1,4,7,5,6,0,0,0,0,18,9,25,19,16,104,362,572,137,206,309,422,0,0,0,0,7,16,199,584,18,17,14,12,0,0,0,0,1,3,1,0,0,0,6,1,1061,1205,1923,2702,9311,9784,11652,13464,1463,1866,2922,3972,9713,10445,12651,14734
54,4,4,1,4,0,0,0,0,1466,1478,1499,1507,0,0,1,1,0,0,0,0,2,0,0,0,0,1,0,0,28,27,28,22,0,1,0,0,0,0,0,0,70,87,103,100,11,5,5,6,0,1,0,0,1,0,0,0,21,25,25,27,0,0,0,0,0,0,0,0,5,4,4,2,0,0,0,0,0,0,0,1,2,11,4,10,8,16,10,9,0,0,0,0,1,4,11,11,1,2,2,1,0,0,0,0,0,0,1,1,1,0,0,0,155,188,195,195,1621,1666,1694,1702,225,292,322,325,1691,1770,1821,1832
55,2,2,0,1,0,0,0,0,981,1020,995,988,0,0,0,0,0,0,0,0,0,0,0,0,0,0,0,0,11,12,9,9,0,0,0,0,0,0,0,0,11,10,20,29,1,5,4,2,0,0,0,0,0,0,0,0,20,30,26,31,0,0,0,0,0,0,0,0,0,0,0,0,0,0,0,0,5,5,0,1,0,1,4,8,4,7,14,17,0,0,0,0,0,0,3,15,3,3,2,2,0,0,0,0,0,0,0,0,0,0,0,0,57,75,82,115,1038,1095,1077,1103,62,86,103,144,1043,1106,1098,1132
56,1,1,1,1,0,0,0,0,1484,1479,1412,1454,0,0,0,0,0,0,0,0,0,0,0,0,0,0,0,0,18,14,19,22,0,0,0,0,0,0,0,0,42,46,35,27,6,6,5,7,1,1,1,1,0,0,0,0,14,18,27,29,0,0,0,0,0,0,0,0,0,0,1,0,0,0,0,0,2,1,2,1,1,2,25,35,13,16,15,12,0,0,0,0,1,0,6,13,0,1,1,1,0,0,0,0,0,0,0,0,0,0,0,0,99,106,138,149,1583,1585,1550,1603,126,162,204,279,1610,1641,1616,1733
57,14,10,13,10,0,1,0,0,8504,8551,8516,8524,0,2,19,22,0,0,0,0,0,0,0,2,0,1,0,1,137,160,149,208,0,0,0,0,0,0,0,0,144,158,212,254,77,88,88,75,1,2,4,2,3,1,1,1,133,168,187,215,0,0,0,0,0,0,0,0,6,10,10,5,0,0,0,0,29,24,28,36,6,39,104,213,29,35,55,108,0,0,2,2,9,8,76,256,15,12,13,12,0,0,3,0,0,0,0,0,0,0,1,0,603,719,965,1422,9107,9270,9481,9946,768,946,1329,1932,9272,9497,9845,10456
58,38,9,17,19,0,0,0,0,7195,8387,8527,9007,2,16,57,112,0,0,0,0,2,2,3,3,0,0,2,4,376,331,306,404,0,0,0,0,2,0,2,0,237,213,266,312,134,115,96,82,1,1,7,11,0,1,2,2,521,475,400,373,0,0,4,0,0,0,1,2,6,7,8,6,0,0,0,0,35,39,54,90,23,101,473,541,104,150,165,245,2,2,1,2,8,25,327,897,14,13,15,17,0,0,0,0,0,0,0,0,2,1,0,0,1507,1501,2206,3122,8702,9888,10733,12129,2962,2853,3926,5177,10157,11240,12453,14184
59,6,5,13,16,0,0,0,0,7831,8443,8941,9249,0,6,23,52,0,0,0,0,0,1,0,1,0,0,0,0,376,326,304,333,0,0,1,1,0,2,1,1,158,197,239,259,132,138,113,113,3,2,0,4,0,1,1,3,485,475,446,354,0,0,0,3,0,0,4,0,7,2,3,4,0,0,0,0,18,22,42,56,28,74,182,311,112,140,218,266,0,2,2,2,5,19,220,590,11,9,6,7,0,0,0,1,3,1,1,1,5,6,0,0,1349,1428,1819,2378,9180,9871,10760,11627,2184,2250,2978,3672,10015,10693,11919,12921
60,5,6,6,10,0,0,0,0,3856,3853,3900,4131,0,0,3,7,0,0,0,0,0,0,0,0,0,1,0,0,148,163,135,149,0,0,0,0,1,0,1,1,85,65,69,117,33,34,26,33,0,0,0,4,0,0,0,0,208,210,212,218,0,0,1,0,0,0,0,0,0,0,0,0,0,0,0,0,7,8,5,9,6,10,56,96,41,52,70,91,0,0,0,1,0,2,45,171,2,2,5,5,0,0,0,0,0,0,0,0,1,2,1,6,537,555,635,918,4393,4408,4535,5049,661,705,936,1287,4517,4558,4836,5418
61,2,3,11,14,1,1,0,0,6209,6641,7373,7636,3,1,3,5,0,0,0,0,2,0,0,0,0,0,1,0,208,184,178,145,0,0,0,0,0,0,0,0,116,126,153,175,48,50,42,57,6,4,1,0,0,1,2,4,138,146,210,201,0,0,0,2,0,0,0,1,4,1,1,5,0,0,0,0,16,27,28,38,6,26,70,88,38,32,47,70,2,0,1,1,0,7,73,170,12,15,6,6,0,0,0,0,0,0,0,0,0,0,0,0,602,624,827,982,6811,7265,8200,8618,1172,1082,1402,1755,7381,7723,8775,9391
62,21,31,36,42,3,1,1,1,14202,15138,16666,17392,3,6,12,17,0,0,1,1,5,1,2,2,2,2,2,2,368,392,451,486,0,0,1,0,2,7,2,0,348,355,433,436,140,143,127,133,4,3,4,6,0,1,5,4,579,697,684,645,0,0,0,0,0,2,6,4,18,12,8,14,0,0,0,0,46,51,98,101,13,76,221,313,148,192,223,263,0,2,3,6,24,21,156,457,25,30,27,34,0,0,0,1,2,0,0,1,4,4,1,1,1755,2029,2504,2970,15957,17167,19170,20362,2663,3136,4055,5050,16865,18274,20721,22442
63,13,8,16,20,3,1,1,1,8153,8947,9461,10672,2,1,8,25,0,0,2,1,0,2,1,0,0,1,0,3,219,217,195,224,0,0,0,0,0,1,0,0,231,231,251,267,103,76,72,72,2,6,2,2,1,0,0,0,300,306,259,255,0,1,3,7,0,1,1,4,5,5,3,4,0,0,0,0,26,41,48,58,21,78,254,335,57,87,114,134,0,0,0,1,4,14,154,388,12,15,12,17,0,0,1,0,0,0,3,0,0,0,6,6,999,1092,1406,1824,9152,10039,10867,12496,2040,2281,2843,3514,10193,11228,12304,14186
64,14,17,28,32,0,2,0,0,8120,8977,9512,9825,0,1,22,28,0,0,0,0,1,1,2,5,0,0,3,1,232,262,256,261,0,1,0,0,7,3,4,3,219,243,252,267,39,35,43,44,1,6,4,8,0,1,0,2,226,263,292,286,0,1,1,1,0,0,0,5,13,9,8,5,0,0,0,0,29,34,52,59,15,49,178,257,72,114,117,155,3,2,1,0,5,34,128,428,19,28,19,25,0,0,0,1,0,0,14,1,0,1,0,1,895,1107,1424,1875,9015,10084,10936,11700,1355,1599,2246,2868,9475,10576,11758,12693
65,7,2,6,9,1,1,1,3,5967,6154,6677,6990,0,0,2,11,0,0,0,0,0,0,1,0,2,1,1,1,148,152,154,182,0,0,1,0,0,0,0,0,109,109,136,169,42,50,59,43,2,2,1,2,1,1,1,1,199,216,214,200,0,0,0,0,0,0,0,0,5,6,8,6,0,0,0,0,10,11,23,25,10,9,67,88,23,40,52,78,1,2,1,1,0,16,69,221,9,6,12,10,0,0,0,0,0,0,1,0,0,0,1,5,569,624,811,1055,6536,6778,7488,8045,846,986,1347,1668,6813,7140,8024,8658
66,2,4,3,2,1,1,1,1,2669,2683,2831,2922,0,0,0,2,0,0,0,0,0,0,0,0,1,1,1,2,23,33,34,30,0,0,0,0,0,1,1,1,24,30,38,54,2,3,4,2,3,0,2,3,1,1,1,1,50,59,63,65,0,0,0,1,0,0,0,0,2,1,2,2,0,0,0,0,8,13,8,9,3,4,26,41,0,1,4,15,0,0,0,0,3,6,10,25,3,9,3,3,0,0,0,0,0,0,0,0,0,1,0,0,126,168,201,259,2795,2851,3032,3181,174,234,267,369,2843,2917,3098,3291
67,9,14,17,29,2,2,7,1,9459,10246,11148,11859,0,2,10,14,0,0,0,0,1,0,1,1,5,4,4,2,203,181,189,206,0,0,0,6,2,2,1,1,165,199,250,245,64,80,65,45,4,1,6,6,11,12,10,8,220,214,232,216,0,0,0,4,0,3,1,0,5,2,3,6,0,0,1,1,31,27,57,39,13,46,151,200,63,64,94,152,2,1,3,3,7,15,199,460,11,10,18,15,0,0,0,0,1,0,2,2,1,1,1,1,820,880,1322,1663,10279,11126,12470,13522,1545,1574,2184,2832,11004,11820,13332,14691
68,11,8,10,7,3,3,3,1,5387,5624,5910,6216,0,0,3,20,0,0,1,1,1,0,0,0,0,0,0,1,44,65,71,72,0,0,0,0,0,0,0,2,79,90,108,106,12,7,12,14,0,0,1,0,1,1,0,0,54,62,80,94,0,0,0,1,0,0,0,0,4,3,3,1,0,0,0,0,19,16,18,14,5,8,52,68,12,19,27,45,0,1,1,0,4,4,35,74,7,7,10,9,0,0,0,1,0,0,0,0,0,1,0,0,256,295,435,531,5643,5919,6345,6747,447,487,760,921,5834,6111,6670,7137
69,16,17,19,25,0,0,1,5,8367,8597,8937,9067,1,2,26,34,0,0,0,0,0,0,0,0,1,1,1,3,160,139,143,163,0,0,0,0,4,3,3,3,189,190,205,206,52,34,41,37,2,2,0,4,1,1,2,2,200,197,189,209,0,2,5,4,0,1,2,0,5,7,5,4,0,0,1,0,25,29,56,55,12,32,152,281,42,40,69,83,0,0,0,0,4,17,135,382,21,12,11,16,0,0,0,0,0,1,10,1,1,1,6,0,736,728,1082,1517,9103,9325,10019,10584,1184,1235,1882,2479,9551,9832,10819,11546
70,22,21,29,56,2,2,2,10,8321,8895,9034,8955,2,9,31,48,0,1,0,0,1,2,0,4,1,2,7,6,170,166,144,201,0,1,1,0,1,8,6,3,263,313,373,421,63,63,64,62,2,4,5,4,3,2,3,3,249,231,191,244,1,0,1,2,0,0,5,1,12,15,10,9,0,0,0,0,46,42,91,85,28,105,384,414,90,103,122,137,2,2,3,1,8,19,340,827,24,25,25,25,3,4,1,1,1,1,1,1,2,2,8,8,996,1143,1847,2573,9317,10038,10881,11528,2048,2079,3108,3861,10369,10974,12142,12816
71,20,28,42,35,2,2,6,8,11658,12565,13621,14327,1,10,52,67,0,0,0,0,3,4,2,2,7,4,8,1,254,239,238,298,0,0,0,3,1,1,1,1,267,271,373,414,93,61,45,66,2,6,6,7,4,5,3,7,367,332,295,334,0,0,0,2,0,0,1,4,15,13,7,5,0,0,0,1,42,33,72,89,42,107,375,510,92,132,141,201,0,1,1,3,14,21,336,902,34,35,25,21,0,0,0,0,1,0,6,5,0,0,11,4,1261,1305,2046,2990,12919,13870,15667,17317,2752,2652,3802,4871,14410,15217,17423,19198
72,15,17,20,19,3,7,3,3,8894,9473,9772,10034,5,9,21,22,0,1,0,1,1,3,0,0,0,1,1,3,144,134,132,173,0,0,1,0,1,0,0,1,168,202,235,254,49,42,47,53,2,10,2,2,2,4,1,1,218,212,215,229,0,1,1,0,0,1,1,8,11,11,10,12,0,0,0,0,28,25,38,42,14,48,153,244,73,74,58,76,0,1,2,10,10,25,108,306,18,17,14,10,0,0,0,0,0,0,3,4,0,0,1,0,762,845,1067,1473,9656,10318,10839,11507,1315,1425,1891,2451,10209,10898,11663,12485
73,17,15,10,23,1,2,5,1,5775,6352,7162,7432,1,7,15,19,0,0,1,0,1,1,1,0,1,3,2,2,79,93,117,142,0,0,0,1,0,0,6,2,126,167,198,218,11,11,23,38,4,3,3,6,1,3,2,2,100,106,146,132,0,0,1,3,0,1,1,1,6,4,4,4,0,0,3,0,23,34,60,56,1,29,78,164,20,19,59,75,2,1,5,2,1,14,73,212,18,16,24,28,0,0,2,2,1,1,0,2,2,4,2,0,416,534,841,1135,6191,6886,8003,8567,660,812,1396,1821,6435,7164,8558,9253
74,20,23,30,33,1,1,4,2,11079,11401,11352,12167,4,8,25,49,0,0,0,1,2,0,0,4,2,2,0,0,128,130,123,153,0,0,0,0,0,0,0,0,271,356,365,328,58,51,44,53,6,2,6,7,4,5,6,7,158,154,160,186,0,0,1,0,0,1,2,4,15,11,14,13,0,0,1,1,33,43,49,61,22,48,136,229,45,44,52,102,0,0,1,1,4,15,176,465,29,25,23,17,1,0,1,1,0,1,1,3,1,0,3,2,804,920,1223,1722,11883,12321,12575,13889,1489,1533,2143,3031,12568,12934,13495,15198
75,13,15,40,48,2,2,10,17,10879,11950,12336,12700,2,6,34,117,0,0,0,0,1,2,1,14,5,2,1,2,197,194,177,226,0,0,0,0,17,7,6,1,282,271,320,402,90,77,70,70,2,1,3,10,9,8,9,14,234,213,193,220,0,0,0,2,0,1,4,7,6,4,6,6,0,0,0,0,36,56,82,109,24,73,338,393,70,74,79,88,2,2,2,4,3,44,601,1265,42,30,30,51,1,0,0,0,0,1,0,2,0,2,1,5,1038,1085,2007,3073,11917,13035,14343,15773,2524,2448,3599,4993,13403,14398,15935,17693
76,24,20,26,49,1,3,3,5,11485,10544,10561,10321,7,7,34,69,0,0,0,0,0,0,0,2,0,1,3,2,165,151,157,183,0,0,2,0,1,4,2,3,235,218,273,342,140,148,128,128,6,1,6,5,4,2,3,22,246,221,221,253,2,0,1,2,3,2,5,7,16,12,10,9,0,0,0,0,50,39,58,64,23,69,197,353,40,52,49,59,0,1,1,5,8,8,121,425,33,31,28,42,1,1,5,4,1,0,5,1,3,3,2,3,1009,994,1340,2037,12494,11538,11901,12358,1377,1414,1929,2964,12862,11958,12490,13285
77,16,20,27,25,3,1,1,1,8613,10137,10864,11834,2,2,14,61,0,0,0,2,0,1,0,1,0,4,5,1,150,179,164,179,0,0,0,0,1,2,1,2,159,172,201,253,135,139,115,104,4,2,1,1,0,2,1,1,233,243,251,239,0,1,1,1,0,0,0,3,4,5,2,3,1,0,1,0,33,28,32,39,15,35,88,119,37,50,58,68,0,0,0,1,5,1,29,132,9,11,11,9,0,0,1,1,0,0,0,7,1,2,2,4,808,900,1006,1257,9421,11037,11870,13091,1609,1600,1825,2406,10222,11737,12689,14240
78,3,6,8,11,0,0,0,1,3065,3438,3690,4381,1,1,1,7,0,0,0,0,0,0,0,0,2,1,1,0,58,66,72,87,0,1,0,0,0,0,0,0,50,37,61,69,4,4,7,9,0,1,0,0,1,0,0,0,64,82,90,110,0,0,0,0,0,0,2,0,1,1,1,2,0,0,0,1,2,9,7,26,1,11,17,72,41,53,69,54,0,1,0,0,2,1,21,66,9,8,3,2,0,0,0,0,0,0,3,1,0,1,1,1,239,284,364,519,3304,3722,4054,4900,407,421,603,942,3472,3859,4293,5323
79,24,38,38,40,4,9,7,8,7991,8866,9292,9595,1,5,33,54,0,0,1,1,2,2,0,1,4,1,1,0,87,89,113,137,0,0,0,4,1,1,4,5,174,169,199,229,33,29,31,35,2,1,7,10,0,2,1,1,175,200,200,201,0,0,0,4,0,0,2,0,8,6,3,3,0,0,0,1,18,25,50,42,18,76,209,294,63,79,86,86,3,6,5,3,12,16,136,231,16,18,22,17,0,0,0,1,0,0,0,3,5,9,6,6,650,781,1154,1417,8641,9647,10446,11012,1591,1619,2248,2677,9582,10485,11540,12272
80,29,27,39,40,2,2,1,9,7036,7984,8573,9035,2,20,88,319,0,0,0,0,1,0,0,1,1,0,3,7,167,128,130,229,0,1,7,5,4,6,7,7,225,213,267,305,55,44,43,32,3,2,7,7,5,4,4,8,273,214,188,183,0,1,2,1,1,0,0,1,3,4,1,3,0,0,0,1,14,16,71,91,38,110,231,320,96,83,86,72,0,1,3,7,4,26,136,326,36,29,20,29,0,0,5,1,1,1,0,1,0,1,0,1,960,933,1339,2006,7996,8917,9912,11041,2497,2165,2864,3662,9533,10149,11437,12697
81,36,37,41,33,2,5,3,7,4320,4966,5295,5472,6,7,26,82,0,0,0,0,1,0,0,4,0,0,2,1,181,149,125,223,0,0,1,2,0,3,7,4,154,144,195,204,43,30,21,24,0,0,0,9,9,7,7,4,153,105,92,168,0,0,0,1,0,0,2,1,4,0,3,2,0,0,0,0,30,26,51,63,10,42,174,283,63,49,48,80,0,0,1,1,4,26,66,181,23,26,26,27,0,1,0,1,1,1,1,0,2,4,4,3,722,662,896,1408,5042,5628,6191,6880,2039,1662,1944,2532,6359,6628,7239,8004
82,30,40,53,47,0,2,4,6,6573,7034,7173,7469,2,4,13,51,0,0,0,0,0,0,0,4,13,7,11,8,117,112,107,151,0,1,3,2,3,3,1,6,218,195,238,273,34,40,43,45,2,0,10,10,14,13,10,15,149,161,152,169,0,0,0,3,0,4,2,5,14,14,18,8,1,0,0,0,34,32,51,58,10,19,91,172,31,44,58,77,5,2,8,7,6,6,49,154,28,30,36,37,1,1,1,1,0,1,4,3,3,1,3,8,715,732,966,1320,7288,7766,8139,8789,1287,1316,1612,2084,7860,8350,8785,9553
83,13,15,19,19,1,1,3,3,5495,5870,5926,6096,1,4,22,79,0,0,0,0,4,0,0,3,0,0,0,1,56,53,47,90,0,1,0,2,0,0,1,0,121,142,132,119,32,18,19,24,1,0,5,4,1,0,1,2,188,171,154,146,0,0,0,0,0,1,0,0,4,3,2,1,0,0,0,2,19,24,33,47,11,53,135,176,50,53,91,93,0,0,5,5,6,17,70,139,27,30,18,22,0,0,0,0,1,1,1,0,0,2,1,1,536,589,759,978,6031,6459,6685,7074,1095,1129,1501,1931,6590,6999,7427,8027
84,28,40,51,61,0,1,6,6,5385,5826,6015,5937,4,14,29,54,0,0,0,4,0,2,3,7,1,5,5,4,93,134,117,123,0,0,5,7,2,2,9,11,139,139,178,188,55,41,55,42,3,2,7,18,7,3,6,2,216,197,211,208,1,2,9,4,0,0,4,14,6,9,8,6,0,0,1,0,25,29,22,37,14,32,88,149,50,51,80,86,6,5,13,17,1,21,75,111,34,33,42,45,0,0,3,2,1,3,8,20,5,2,8,4,691,767,1043,1230,6076,6593,7058,7167,1174,1224,1675,2185,6559,7050,7690,8122
85,19,15,17,20,2,1,0,2,3497,3344,3440,3397,1,4,16,30,0,0,0,0,0,1,0,1,0,0,0,0,85,72,66,83,0,0,0,2,4,1,1,6,106,102,134,165,75,67,31,29,3,4,1,5,9,11,9,7,113,81,91,105,0,3,0,0,1,0,4,2,1,0,0,1,0,0,0,0,24,17,20,35,5,37,175,195,80,69,48,81,0,1,6,6,3,12,52,103,38,38,27,26,0,0,1,6,0,6,5,6,1,1,3,5,570,543,707,921,4067,3887,4147,4318,803,825,1071,1336,4300,4169,4511,4733
86,18,21,43,42,2,2,2,6,6387,6920,7142,7451,0,4,17,29,0,1,3,4,4,0,0,1,2,7,2,4,89,95,121,116,0,3,5,2,2,6,5,1,113,170,191,235,19,37,41,38,5,25,22,26,9,13,7,4,189,212,216,235,0,0,0,0,0,1,9,16,9,7,5,7,0,0,0,0,12,23,25,27,11,37,108,192,75,102,135,128,1,7,17,21,2,36,107,231,24,37,53,54,1,3,0,1,0,3,14,16,2,1,0,3,589,853,1148,1439,6976,7773,8290,8890,1144,1353,1814,2402,7531,8273,8956,9853
87,4,3,3,12,0,0,0,0,1336,1571,1603,1954,0,1,7,42,0,0,0,0,0,0,0,2,2,2,1,6,19,23,22,27,1,0,0,4,1,0,1,8,37,61,54,111,12,10,13,7,0,2,1,9,3,1,1,3,30,31,38,59,0,0,0,1,0,7,3,1,3,3,2,2,0,0,0,0,7,10,9,24,4,11,11,59,21,28,44,52,0,0,4,2,1,16,23,83,14,14,14,13,0,0,1,3,0,2,4,5,2,0,0,3,161,225,256,538,1497,1796,1859,2492,265,350,433,716,1601,1921,2036,2670
88,242,244,280,306,28,32,39,38,11167,10714,10184,9810,2,9,69,107,2,2,2,5,0,2,4,19,43,37,38,35,332,300,318,468,2,14,22,40,88,105,94,94,666,847,933,1085,141,134,120,149,11,24,52,91,83,76,63,71,385,380,478,528,0,6,19,25,0,18,33,43,40,31,32,32,0,1,5,5,90,90,97,101,29,86,316,396,228,248,264,308,3,17,54,59,8,28,96,294,273,279,269,256,0,5,11,15,7,13,30,18,52,81,87,84,2755,3109,3825,4672,13922,13823,14009,14482,3399,3825,4724,5677,14566,14539,14908,15487
89,288,276,242,238,32,38,36,33,7607,7252,6786,6578,0,17,47,129,0,2,6,10,0,2,2,8,34,23,25,21,244,288,268,403,0,3,32,32,108,105,102,114,525,513,660,683,145,148,150,180,6,26,74,92,49,49,54,62,365,385,403,477,1,8,19,36,0,5,25,44,34,19,18,19,0,0,5,10,97,87,99,114,41,110,228,348,242,230,258,239,2,13,45,65,14,22,87,247,214,194,180,188,0,8,9,17,1,12,18,29,83,85,71,71,2525,2668,3163,3909,10132,9920,9949,10487,3093,3279,3847,4686,10700,10531,10633,11264
90,120,123,138,144,9,17,12,17,9956,10002,9679,9582,9,13,39,93,0,0,1,0,4,2,14,15,27,20,17,25,198,206,242,338,0,8,9,21,63,60,59,59,371,452,560,604,161,161,165,176,4,14,46,81,41,34,40,47,229,305,307,342,0,6,26,51,0,5,26,34,29,24,14,14,0,0,7,7,103,87,68,82,15,54,169,249,198,210,218,227,2,6,29,30,12,40,109,252,111,128,110,89,2,2,13,11,3,9,21,21,20,39,49,35,1731,2025,2508,3064,11687,12027,12187,12646,2385,2723,3312,4029,12341,12725,12991,13611
91,74,76,98,105,6,11,12,19,5071,5235,5812,6138,1,5,45,72,0,0,7,14,1,12,8,12,15,15,17,18,95,112,174,175,0,5,19,45,46,41,60,78,183,212,316,374,55,49,104,208,4,13,41,87,6,16,24,17,212,172,212,280,0,3,31,74,0,7,52,93,17,16,18,16,0,0,6,2,35,32,61,59,9,30,126,181,102,121,206,256,5,8,31,53,4,14,65,167,65,47,69,83,0,0,4,11,3,10,47,60,12,15,37,16,950,1042,1890,2575,6021,6277,7702,8713,1284,1469,2635,3488,6355,6704,8447,9626
92,66,63,71,47,9,8,4,4,3878,3935,4004,3860,3,4,16,20,0,0,0,0,0,0,1,0,11,5,9,2,63,57,67,63,0,0,8,9,19,13,22,19,237,326,483,468,31,34,34,38,2,3,15,13,12,16,16,20,120,98,94,106,0,0,4,6,4,6,6,9,54,23,25,11,0,0,6,6,19,23,27,31,16,8,30,34,60,44,35,50,0,1,2,6,4,16,30,18,43,46,65,53,0,1,2,1,0,6,2,7,11,7,6,16,784,808,1080,1057,4662,4743,5084,4917,1356,1363,1608,1699,5234,5298,5612,5559
93,51,59,93,106,10,11,8,13,4932,4638,4607,4404,0,4,3,7,0,0,1,3,0,1,0,7,16,6,14,12,63,60,77,116,0,3,7,4,8,12,17,31,169,218,243,308,34,43,49,62,1,4,9,15,10,13,18,14,125,123,120,131,0,0,4,12,0,4,3,24,8,9,3,2,1,1,2,5,12,24,45,55,16,46,94,144,42,44,69,63,0,11,15,25,3,8,25,58,80,79,89,79,0,0,2,0,0,0,4,9,21,16,27,39,670,799,1041,1344,5602,5437,5648,5748,915,1067,1331,1728,5847,5705,5938,6132
94,180,193,245,261,21,28,28,32,4984,5050,5026,5328,1,7,16,50,1,1,8,6,3,0,0,0,14,16,24,13,78,101,147,206,2,4,13,10,70,81,83,72,265,304,390,458,75,75,118,146,10,16,43,75,29,26,40,39,129,167,225,268,0,2,12,13,0,0,13,28,10,16,15,17,0,0,4,10,68,92,107,108,14,23,79,96,54,67,63,74,3,14,33,37,0,4,40,59,149,162,152,163,0,0,4,17,2,8,17,17,23,28,33,47,1201,1435,1952,2322,6185,6485,6978,7650,1762,2184,2923,3287,6746,7234,7949,8615
95,93,122,95,137,6,6,11,9,3755,3573,3579,3448,0,0,3,23,0,0,2,2,0,0,0,3,9,8,6,7,72,51,57,50,0,0,7,1,23,27,12,13,171,185,178,231,22,22,22,33,1,2,9,14,16,7,17,12,59,48,82,91,1,2,3,3,0,1,1,0,7,7,6,4,0,0,4,4,40,44,46,38,4,11,24,42,24,27,37,41,0,1,8,22,1,0,3,43,58,77,84,82,0,0,0,1,0,0,7,19,16,7,17,20,623,655,741,945,4378,4228,4320,4393,769,793,911,1081,4524,4366,4490,4529
96,221,210,220,236,20,22,34,31,5272,5239,5294,5287,0,4,5,12,1,5,2,2,0,0,0,2,36,24,28,21,144,157,153,180,1,1,1,26,44,30,23,35,313,317,408,446,82,91,95,113,6,7,39,67,39,30,38,27,131,145,149,197,0,0,5,9,0,0,4,18,13,13,14,15,4,3,4,5,111,102,71,76,9,25,49,86,106,68,73,75,2,1,9,21,6,10,27,52,147,172,137,161,0,0,11,4,3,4,6,9,44,38,52,56,1483,1479,1657,1982,6755,6718,6951,7269,1784,1798,2077,2472,7056,7037,7371,7759
97,38,36,42,34,13,11,8,0,959,933,939,952,3,2,0,0,0,0,0,0,0,0,1,1,13,10,7,7,15,21,34,28,4,4,3,1,15,12,9,5,99,91,106,91,26,19,15,11,0,0,5,1,8,8,6,5,29,27,30,36,0,0,0,1,0,0,0,0,8,10,10,7,0,0,0,0,27,22,29,32,1,4,20,18,33,16,17,13,0,2,1,0,1,4,10,11,46,31,34,41,1,0,0,0,0,0,0,3,14,4,4,5,394,334,391,351,1353,1267,1330,1303,492,458,477,479,1451,1391,1416,1431
98,32,54,55,95,11,12,14,6,2963,2915,3128,3174,0,0,3,12,0,0,1,3,1,0,0,2,9,17,12,14,49,44,64,84,0,1,1,0,17,13,7,11,100,163,167,210,16,23,15,40,0,1,19,22,10,21,11,24,81,75,81,106,0,0,7,11,1,0,0,9,15,10,13,12,0,0,0,1,15,22,32,31,1,23,69,59,47,72,93,105,0,0,3,15,7,6,44,49,38,35,55,55,0,1,3,5,0,5,20,37,9,8,16,7,459,606,805,1025,3422,3521,3933,4199,650,888,1278,1649,3613,3803,4406,4823
99,262,298,338,371,31,53,39,55,6913,6677,6418,6223,3,14,35,55,3,4,12,20,1,4,4,7,70,60,50,49,274,288,274,346,0,6,13,19,123,89,78,62,444,543,615,723,130,142,171,181,2,25,66,104,58,46,35,47,315,313,294,352,1,2,8,13,0,1,12,37,35,24,20,21,0,4,11,10,106,100,91,140,27,56,167,197,164,154,153,212,4,11,37,67,13,27,71,128,217,250,193,218,0,3,7,11,0,10,31,44,61,79,82,91,2344,2606,2907,3580,9257,9283,9325,9803,2841,3109,3395,4132,9754,9786,9813,10355
100,139,136,175,202,18,12,20,39,11595,11559,11460,11548,0,15,47,85,0,0,1,4,6,1,0,8,26,33,26,36,217,215,257,350,2,5,10,16,23,32,34,37,471,571,728,893,103,122,133,187,12,9,46,90,33,38,45,34,266,281,268,337,2,3,9,18,0,4,17,17,24,15,20,21,0,0,0,0,51,42,51,60,18,115,339,452,158,208,220,245,3,12,31,58,14,31,118,243,152,166,180,185,0,3,5,9,0,7,27,53,33,29,31,38,1771,2105,2838,3717,13366,13664,14298,15265,2651,2950,3986,5075,14246,14509,15446,16623
101,48,51,42,47,7,3,3,2,5924,5602,5603,5636,1,0,17,18,0,0,0,0,0,1,0,3,14,12,14,9,80,89,80,82,0,0,2,2,16,8,3,2,135,148,178,207,22,12,8,33,0,0,7,6,9,10,6,7,71,77,78,89,0,0,1,0,0,4,3,5,11,7,5,5,0,0,1,1,17,23,17,22,5,13,24,36,32,27,24,42,0,0,11,24,3,1,28,36,39,33,42,31,0,0,0,1,0,2,2,0,3,6,11,18,513,527,607,728,6437,6129,6210,6364,706,752,871,1046,6630,6354,6474,6682
102,71,76,88,100,7,11,8,12,5631,5580,5400,5408,0,4,9,9,1,2,0,0,0,0,1,1,29,32,29,30,62,69,60,94,0,1,5,6,29,17,7,3,222,255,274,278,24,31,47,72,2,5,32,48,6,19,16,29,94,92,84,94,0,2,1,1,1,3,8,8,8,9,7,4,0,0,0,0,20,34,25,38,9,11,54,70,22,25,30,30,0,3,14,17,3,9,18,51,70,64,62,69,0,0,6,7,0,0,0,11,5,23,16,7,685,797,901,1089,6316,6377,6301,6497,916,1017,1196,1449,6547,6597,6596,6857
103,54,60,76,101,5,12,9,10,4873,4791,4850,4725,0,1,2,10,0,0,0,0,1,0,0,4,16,10,16,18,37,42,31,45,0,0,1,2,2,10,17,17,153,208,240,264,23,17,28,26,0,0,11,17,16,20,12,26,96,106,116,123,0,0,2,3,0,0,0,5,8,13,14,14,0,0,0,0,49,38,42,38,10,10,32,29,38,47,54,59,1,2,2,2,3,6,17,27,121,114,103,118,0,3,0,1,0,0,3,3,13,27,21,23,646,746,849,985,5519,5537,5699,5710,890,1001,1037,1201,5763,5792,5887,5926
104,115,120,156,137,21,22,23,19,8532,8261,8056,7886,0,0,15,35,0,0,0,2,1,3,3,14,35,50,43,38,93,93,81,107,0,0,0,1,22,34,17,11,311,363,452,539,64,59,56,69,2,6,29,48,41,37,27,31,131,140,158,186,0,8,6,13,0,0,5,6,22,13,18,7,0,0,1,3,60,66,61,55,8,21,88,155,69,78,111,120,3,17,31,49,2,8,40,102,166,179,120,119,2,1,7,1,4,3,17,10,16,31,10,13,1188,1352,1575,1890,9720,9613,9631,9776,1897,1983,2063,2408,10429,10244,10119,10294
105,48,42,68,44,4,7,2,1,4150,4107,4068,4405,0,0,4,3,0,0,0,0,0,1,2,4,16,14,5,8,34,47,56,88,0,0,0,1,12,12,4,11,215,226,245,289,19,34,46,55,4,1,10,12,17,10,13,14,96,78,78,98,0,0,0,0,0,0,1,0,4,4,8,8,0,0,0,1,39,37,34,34,9,29,57,63,79,74,63,77,1,1,0,3,1,7,5,36,41,52,58,49,0,2,1,0,5,3,2,1,18,19,1,5,662,700,763,905,4812,4807,4831,5310,995,1007,1046,1357,5145,5114,5114,5762
106,119,119,108,127,27,28,23,27,8021,7768,7541,7370,2,4,33,25,0,0,3,4,3,9,9,22,18,14,20,15,210,182,173,159,0,0,2,0,30,37,25,17,561,634,746,893,146,146,125,127,14,11,34,37,44,50,35,32,324,327,338,332,0,2,3,1,0,2,0,1,20,20,25,17,0,3,2,5,104,103,78,83,29,45,89,83,137,162,171,180,11,14,17,23,8,30,57,120,182,204,160,116,0,2,10,2,5,6,9,13,51,64,43,28,2045,2218,2338,2489,10066,9986,9879,9859,3023,3194,3258,3449,11044,10962,10799,10819
107,81,114,114,113,9,10,15,12,6343,6280,6200,6059,6,17,27,40,1,0,2,2,4,6,5,8,9,25,27,14,188,179,163,242,0,3,1,2,16,28,27,11,571,771,1056,1110,116,99,65,87,7,7,13,25,21,23,23,27,232,271,277,365,1,2,4,11,0,1,3,5,51,51,58,37,0,1,1,2,53,67,67,61,17,70,181,205,211,179,195,213,50,59,65,31,35,44,117,267,117,123,141,111,0,0,2,8,4,6,7,32,47,40,27,21,1847,2196,2683,3062,8190,8476,8883,9121,2973,3546,4142,5011,9316,9826,10342,11070
108,61,62,84,50,10,5,10,17,3852,3590,3472,3317,5,0,7,14,0,1,2,2,0,0,0,0,26,23,13,18,84,70,85,97,0,0,1,1,7,11,5,9,445,459,577,761,48,32,28,39,6,11,23,18,14,20,17,8,170,143,146,174,1,0,0,0,0,0,1,5,8,9,9,6,0,0,0,0,45,28,55,54,9,16,56,64,76,65,76,82,3,2,3,3,0,6,25,52,89,94,95,92,0,1,2,3,0,0,2,2,20,18,32,12,1127,1076,1354,1583,4979,4666,4826,4900,1541,1483,1800,2053,5393,5073,5272,5370
109,128,110,99,105,7,7,4,6,3912,3931,3944,3846,12,16,28,25,0,0,0,0,0,0,1,0,46,74,47,45,121,84,90,118,0,0,2,2,18,9,6,7,552,699,787,878,98,54,21,11,20,23,64,67,34,31,13,23,245,256,250,240,0,2,2,0,0,0,1,0,12,8,9,5,0,0,4,4,65,59,93,89,10,18,55,72,102,106,100,115,1,0,14,11,2,6,30,51,102,100,92,106,3,3,4,8,0,0,2,2,43,30,23,18,1621,1695,1841,2008,5533,5626,5785,5854,1984,2046,2160,2342,5896,5977,6104,6188
110,47,60,73,51,1,1,6,7,1949,1951,1935,1894,0,0,5,6,0,0,2,1,0,0,1,0,36,40,42,34,44,44,43,41,0,0,0,0,6,5,1,0,285,313,365,400,7,3,19,9,3,6,6,16,4,3,7,13,91,96,79,80,1,0,0,0,0,0,0,1,2,2,4,4,0,0,0,0,41,52,57,58,0,5,32,29,53,49,48,48,1,0,2,0,2,1,18,30,74,57,64,54,0,0,6,7,2,0,0,1,16,8,13,14,716,745,893,904,2665,2696,2828,2798,964,921,1167,1145,2913,2872,3102,3039
111,57,60,66,44,21,18,12,16,2419,2391,2345,2171,0,0,1,0,0,0,0,1,0,0,0,1,28,20,24,24,40,37,33,27,1,0,0,0,2,0,0,1,415,584,592,681,16,15,11,7,0,1,9,0,6,13,7,15,49,51,57,48,0,0,0,0,0,0,0,0,8,12,10,5,0,0,0,0,53,31,34,30,4,10,14,12,80,80,62,76,1,3,2,1,1,1,4,18,49,75,72,66,0,2,5,1,6,2,2,2,27,21,21,6,864,1036,1038,1082,3283,3427,3383,3253,1071,1179,1155,1214,3490,3570,3500,3385
112,9,11,24,19,6,4,1,0,3728,3852,3820,3707,0,0,0,1,0,1,0,0,0,0,0,0,5,1,5,0,46,55,44,55,0,0,0,0,7,0,0,2,184,227,299,350,11,14,16,18,1,3,14,23,1,8,1,2,32,32,38,42,0,0,0,0,0,0,0,0,5,3,3,5,0,0,6,6,13,16,13,17,8,4,6,24,13,14,29,23,22,1,1,0,1,1,10,7,14,13,27,13,0,0,0,1,1,2,2,1,0,0,0,1,379,410,539,610,4107,4262,4359,4317,475,500,665,739,4203,4352,4485,4446
113,74,83,77,83,3,8,18,12,4219,4081,3997,3915,0,0,12,18,0,0,0,0,0,0,1,0,32,34,24,53,79,89,69,96,0,0,0,1,1,3,0,2,376,473,584,719,20,12,4,8,12,14,12,44,15,9,17,15,91,118,117,114,0,0,1,1,0,0,0,0,6,6,5,5,0,0,0,0,42,34,39,32,9,21,67,74,67,75,80,90,1,0,3,10,2,0,27,42,46,67,68,66,0,0,8,5,0,1,2,5,10,4,9,4,886,1051,1244,1499,5105,5132,5241,5414,1058,1230,1435,1741,5277,5311,5432,5656
114,56,66,83,83,11,10,11,15,4646,4592,4482,4574,19,18,9,34,0,0,0,0,1,0,0,3,21,28,24,10,115,86,84,100,0,1,0,0,10,9,4,8,704,780,839,1007,22,35,40,32,2,11,21,36,18,9,18,20,104,98,115,133,0,0,0,0,0,0,0,7,9,8,6,6,0,0,1,6,27,27,33,44,5,5,38,36,36,30,53,59,0,1,2,2,3,10,10,40,74,80,79,71,0,1,5,8,3,1,2,3,21,16,11,12,1261,1330,1488,1775,5907,5922,5970,6349,1476,1538,1675,2028,6122,6130,6157,6602
115,18,32,27,39,10,15,12,12,7615,7908,8027,8625,6,1,2,12,0,0,0,0,0,0,0,1,3,3,3,1,165,179,166,188,0,0,0,3,0,0,1,0,238,260,372,554,18,31,29,27,0,2,5,12,6,4,4,5,175,172,162,169,0,0,1,3,0,0,0,0,9,7,9,7,0,0,0,0,16,17,20,30,18,55,146,237,100,119,138,226,1,1,1,1,2,11,45,123,35,42,32,30,0,0,0,2,0,2,10,9,3,0,2,3,823,953,1187,1694,8438,8861,9214,10319,1273,1330,1600,2317,8888,9238,9627,10942
116,96,83,120,105,13,14,10,19,10566,10537,10425,10451,13,6,21,31,0,0,0,0,3,0,0,2,19,31,28,24,215,199,196,232,0,0,0,0,2,13,2,3,694,978,1251,1464,35,53,43,61,10,8,27,37,5,9,10,7,222,214,297,316,0,0,4,1,0,0,0,5,34,27,14,17,0,0,2,0,78,77,87,86,38,124,330,435,178,225,263,332,2,4,5,12,5,17,197,376,107,108,119,115,0,0,2,1,2,2,5,5,4,20,28,18,1775,2212,3061,3704,12341,12749,13486,14155,2526,2963,3905,4768,13092,13500,14330,15219
117,24,28,35,37,5,4,8,8,6284,6116,6092,6005,9,9,12,5,0,0,1,0,4,1,1,0,13,8,4,4,146,138,136,148,0,0,0,0,2,1,2,1,240,275,328,378,50,44,26,32,1,4,7,11,2,2,2,1,162,146,130,155,0,2,0,0,0,0,0,2,2,4,6,14,0,0,0,0,18,16,34,34,11,18,78,129,97,109,137,216,0,0,4,0,1,8,47,85,42,33,36,36,0,0,0,5,0,0,2,2,4,2,2,3,833,852,1038,1306,7117,6968,7130,7311,1052,1081,1307,1662,7336,7197,7399,7667
118,5,16,11,22,0,4,8,3,5115,5469,5599,5887,2,17,6,23,0,0,0,0,0,0,1,1,0,0,3,4,218,198,183,238,0,0,0,0,0,1,1,3,146,164,199,270,72,71,57,56,6,2,1,2,2,3,1,1,289,277,243,239,0,0,1,1,0,0,0,0,5,4,5,4,0,0,0,0,7,15,39,37,17,54,195,206,143,166,212,305,0,0,2,1,3,8,93,177,14,15,18,17,0,0,0,0,0,2,0,9,0,5,4,4,929,1022,1283,1623,6044,6491,6882,7510,1607,1595,2077,2571,6722,7064,7676,8458
700,0,0,0,0,0,0,0,0,94,26,26,28,0,0,0,0,0,0,0,0,0,0,0,0,0,0,0,0,0,0,0,0,0,0,0,0,0,0,0,0,1,0,0,0,0,0,0,0,0,0,0,0,0,0,0,0,0,0,0,0,0,0,0,0,0,0,0,0,0,0,0,0,0,0,0,0,0,0,0,0,0,0,0,0,0,0,3,0,0,0,3,0,0,1,1,1,3,0,0,0,0,0,0,0,0,0,0,0,0,0,0,0,4,1,7,1,98,27,33,29,6,2,7,1,100,28,33,29
701,0,0,0,0,0,0,0,0,0,2,1,0,0,0,0,0,0,0,0,0,0,0,0,0,0,0,0,0,0,0,0,0,0,0,0,0,0,0,0,0,0,0,0,0,0,0,0,0,0,0,0,0,0,0,0,0,0,0,0,0,0,0,0,0,0,0,0,0,0,0,0,0,0,0,0,0,0,0,0,0,0,0,0,0,0,0,0,0,0,0,0,0,0,0,0,0,0,0,0,0,0,0,0,0,0,0,0,0,0,0,0,0,0,0,0,0,0,2,1,0,0,0,0,0,0,2,1,0
702,0,0,0,0,0,0,0,0,3,3,3,4,0,0,0,0,0,0,0,0,0,0,0,0,0,0,0,0,0,0,0,0,0,0,0,0,0,0,0,0,0,0,0,0,0,0,0,0,0,0,0,0,0,0,0,0,0,0,0,0,0,0,0,0,0,0,0,0,0,0,0,0,0,0,0,0,0,0,0,0,0,0,0,0,0,0,0,0,0,0,0,0,0,0,0,0,0,0,0,0,0,0,0,0,0,0,0,0,0,0,0,0,0,0,0,0,3,3,3,4,0,0,0,0,3,3,3,4
800,1,1,1,8,0,0,0,0,416,415,381,1262,0,0,5,5,0,0,0,0,0,0,0,0,0,0,0,5,0,1,1,17,0,0,0,0,0,0,0,0,4,7,4,24,1,0,0,2,0,0,0,0,0,0,0,0,2,1,3,7,0,0,0,0,0,0,0,0,0,0,0,0,0,0,0,0,6,1,0,14,2,0,2,7,2,1,1,2,0,0,0,0,0,0,1,6,0,0,0,1,0,0,0,0,0,0,0,0,0,0,0,0,18,12,18,98,434,427,399,1360,35,28,32,272,451,443,413,1534
801,17,6,2,3,0,0,0,0,1136,371,249,314,0,0,0,0,0,0,0,0,0,0,0,0,0,0,0,0,0,1,1,1,0,0,0,0,0,0,0,0,9,15,13,11,2,2,4,3,0,0,0,1,0,0,0,0,5,6,3,3,0,0,0,0,0,0,1,0,1,1,0,0,0,0,0,0,1,0,3,1,2,3,6,9,0,0,0,0,0,0,0,1,0,0,3,2,0,0,0,2,0,0,0,0,0,0,0,0,0,0,0,0,37,34,36,37,1173,405,285,351,49,44,53,62,1185,415,302,376
802,0,0,0,0,0,0,0,0,2,0,0,0,0,0,0,0,0,0,0,0,0,0,0,0,0,0,0,0,0,0,0,0,0,0,0,0,0,0,0,0,0,0,0,0,0,0,0,0,0,0,0,0,0,0,0,0,0,0,0,0,0,0,0,0,0,0,0,0,0,0,0,0,0,0,0,0,0,0,0,0,0,0,0,0,0,0,0,0,0,0,0,0,0,0,0,0,2,0,0,0,0,0,0,0,0,0,0,0,0,0,0,0,2,0,0,0,4,0,0,0,2,0,0,0,4,0,0,0
803,0,0,0,0,0,0,0,0,250,277,271,788,0,0,0,0,0,0,0,0,0,0,0,0,0,0,0,0,11,6,4,24,0,0,0,0,0,0,0,0,8,6,15,37,7,6,2,6,0,0,0,0,0,0,0,1,21,28,24,34,0,0,0,0,0,0,0,1,1,1,1,0,0,0,0,0,12,12,2,7,2,0,14,27,14,21,36,52,0,0,0,0,0,0,5,23,2,0,0,0,0,0,0,2,0,0,0,0,0,0,0,0,78,80,103,214,328,357,374,1002,123,114,136,294,373,391,407,1082
804,0,0,0,0,0,0,0,0,39,42,52,28,0,0,0,0,0,0,0,0,0,0,0,0,0,0,0,0,0,0,0,0,0,0,0,0,0,0,0,0,1,1,0,0,0,0,2,4,0,0,0,0,0,0,0,0,0,0,0,0,0,0,0,0,0,0,0,0,0,0,0,0,0,0,0,0,0,0,0,0,0,0,0,0,0,0,0,0,0,0,0,0,0,0,0,0,0,0,1,1,0,0,0,0,0,0,0,0,0,0,0,0,1,1,3,5,40,43,55,33,3,1,7,6,42,43,59,34
805,0,0,0,1,0,0,0,0,126,178,179,174,0,0,2,2,0,0,0,0,0,0,0,0,0,0,0,0,2,1,4,7,0,0,0,0,0,0,0,0,3,2,5,4,0,0,0,0,0,0,0,0,0,0,0,0,24,21,28,18,0,0,0,0,0,0,0,0,0,0,0,0,0,0,0,0,0,2,2,3,3,3,13,15,11,7,9,1,0,0,0,0,0,0,26,48,1,0,0,1,0,0,0,0,0,0,0,0,0,0,0,0,44,36,89,100,170,214,268,274,130,125,164,184,256,303,343,358
900,1,0,0,0,0,0,0,1,120,31,21,25,0,0,0,0,0,0,0,0,0,0,0,0,1,0,0,0,6,6,3,3,0,0,0,0,0,0,0,0,4,0,0,0,0,0,0,0,0,0,0,0,0,0,0,0,0,0,0,0,0,0,0,0,0,0,0,0,0,0,0,0,0,0,0,0,0,0,0,0,0,0,0,0,2,5,0,0,0,0,0,0,0,0,0,0,1,0,1,0,0,0,0,0,0,0,0,0,0,0,0,0,15,11,4,4,135,42,25,29,21,12,4,4,141,43,25,29
901,0,0,0,0,0,0,0,0,12,6,8,10,0,0,0,0,0,0,0,0,0,0,0,0,0,0,0,0,0,0,0,0,0,0,0,0,0,0,0,0,0,0,0,0,0,0,0,0,0,0,0,0,0,0,0,0,0,0,0,0,0,0,0,0,0,0,0,0,0,0,0,0,0,0,0,0,0,0,0,0,0,0,0,0,0,0,0,0,0,0,0,0,0,0,0,0,0,0,0,0,0,0,0,0,0,0,0,0,0,0,0,0,0,0,0,0,12,6,8,10,2,0,0,1,14,6,8,11
902,0,0,0,0,0,0,0,0,15,1,0,0,0,0,0,0,0,0,0,0,0,0,0,0,0,0,0,0,0,0,0,0,0,0,0,0,0,0,0,0,0,0,0,0,0,0,0,0,0,0,0,0,0,0,0,0,1,0,0,0,0,0,0,0,0,0,0,0,1,0,0,0,0,0,0,0,0,0,0,0,0,0,0,0,2,0,0,0,0,0,0,0,0,0,0,0,1,0,0,0,0,0,0,0,0,0,0,0,0,0,0,0,5,0,0,0,20,1,0,0,8,0,0,0,23,1,0,0
903,0,0,0,0,0,0,0,0,12,13,11,8,0,0,0,0,0,0,0,0,0,0,0,0,0,0,0,0,0,0,0,0,0,0,0,0,0,0,0,0,0,0,0,0,0,0,0,0,0,0,0,0,0,0,0,0,0,0,0,0,0,0,0,0,0,0,0,0,0,0,0,0,0,0,0,0,0,0,0,1,0,0,0,0,0,0,0,0,0,0,0,0,0,0,0,0,0,0,0,0,0,0,0,0,0,0,0,0,0,0,0,0,0,0,0,1,12,13,11,9,20,14,12,6,32,27,23,14
904,5,6,4,5,1,0,0,0,76,72,54,44,0,0,1,5,0,1,0,0,0,0,0,3,0,1,0,0,4,12,7,8,0,0,0,1,0,0,3,2,10,11,17,6,7,7,2,1,0,0,0,0,1,2,4,2,8,7,8,13,0,0,0,0,0,0,0,0,0,0,0,0,0,0,0,0,1,2,0,1,0,0,2,3,5,6,5,12,0,0,0,2,0,0,1,6,5,6,5,3,0,0,3,1,0,0,5,0,0,0,0,0,47,61,67,74,123,133,121,118,49,69,74,81,125,141,128,125
905,1,8,6,5,0,2,1,5,26,45,26,47,0,0,0,0,0,0,0,0,0,0,0,0,0,2,3,0,0,0,8,9,0,0,0,0,0,0,1,0,1,6,1,1,0,3,3,1,0,0,0,0,0,0,0,0,1,7,1,3,0,0,0,0,0,0,0,0,0,0,0,0,0,0,0,0,0,4,7,7,0,0,2,2,5,6,7,10,0,0,0,0,0,0,0,0,0,6,5,3,0,0,0,0,0,0,0,0,0,2,2,0,8,46,47,46,34,91,73,93,16,73,67,70,42,118,93,117
906,0,0,0,1,0,0,0,0,96,87,78,68,0,0,0,0,0,0,0,0,0,0,0,0,0,0,1,1,1,5,0,1,0,0,0,0,0,0,0,0,5,0,3,6,5,0,0,0,0,0,0,0,0,0,0,0,0,0,0,0,0,0,0,0,0,0,0,0,0,0,0,0,0,0,0,0,0,0,0,3,0,0,0,0,3,0,0,0,0,0,0,0,0,0,0,1,2,0,0,1,0,0,0,0,0,0,0,0,0,0,0,0,16,5,4,14,112,92,82,82,22,8,10,23,118,95,88,91
907,0,0,0,0,0,0,0,0,5,4,0,1,0,0,0,0,0,0,0,0,0,0,0,0,0,0,0,0,0,0,0,0,0,0,0,0,0,0,0,0,0,0,1,1,0,0,0,0,0,0,0,0,0,0,0,0,0,0,0,0,0,0,0,0,0,0,0,0,0,0,0,0,0,0,0,0,0,0,0,0,0,0,0,0,0,0,0,0,0,0,0,0,0,0,0,0,0,0,0,0,0,0,0,0,0,0,0,0,0,0,0,0,0,0,1,1,5,4,1,2,0,0,1,1,5,4,1,2
908,0,0,0,0,0,0,0,0,4,2,2,0,0,0,0,0,0,0,0,0,0,0,0,0,0,0,0,0,0,0,0,0,0,0,0,0,0,0,0,0,0,0,0,0,0,0,0,0,0,0,0,0,0,0,0,0,0,0,0,0,0,0,0,0,0,0,0,0,0,0,0,0,0,0,0,0,0,0,0,0,0,0,0,0,0,0,0,0,0,0,0,0,0,0,0,0,0,0,0,0,0,0,0,0,0,0,0,0,0,0,0,0,0,0,0,0,4,2,2,0,0,0,0,0,4,2,2,0
909,3,5,5,5,0,0,0,0,203,202,301,316,0,0,0,0,0,0,0,0,0,0,0,0,0,1,0,0,6,10,11,9,0,0,0,0,0,0,0,0,18,17,24,40,2,3,7,11,1,0,0,0,0,1,1,2,5,4,12,6,0,0,0,0,0,0,0,0,0,0,1,0,0,0,0,0,3,1,4,4,0,1,12,19,1,5,35,26,0,0,0,0,0,1,6,6,7,4,2,4,0,0,0,0,0,0,0,0,0,0,0,0,46,53,120,132,249,255,421,448,58,68,158,178,261,270,459,494
910,0,0,0,0,0,0,0,0,98,102,0,0,0,0,0,0,0,0,0,0,0,0,0,0,0,0,0,0,1,0,0,0,0,0,0,0,0,0,0,0,2,6,0,0,5,3,0,0,0,0,0,0,0,0,0,0,2,2,0,0,0,0,0,0,0,0,0,0,0,0,0,0,0,0,0,0,0,0,0,0,0,1,0,0,0,0,0,0,0,0,0,0,0,0,0,0,0,0,0,0,0,0,0,0,0,0,0,0,0,0,0,0,10,12,0,0,108,114,0,0,19,21,0,0,117,123,0,0
911,0,0,0,0,0,0,0,0,6,4,4,2,0,0,0,0,0,0,0,0,0,0,0,0,0,0,0,0,3,3,2,1,0,0,0,0,0,0,0,0,0,0,0,0,0,0,0,0,0,0,0,0,0,0,0,0,0,0,0,0,0,0,0,0,0,0,0,0,0,0,0,0,0,0,0,0,0,0,0,0,0,0,0,0,0,0,0,0,0,0,0,0,0,0,0,0,0,0,0,0,0,0,0,0,0,0,0,0,0,0,0,0,3,3,2,1,9,7,6,3,3,3,2,1,9,7,6,3
912,0,0,0,0,0,0,0,0,8,4,0,0,0,0,0,0,0,0,0,0,0,0,0,0,0,0,0,0,0,0,0,0,0,0,0,0,0,0,0,0,0,0,0,0,0,0,0,0,0,0,0,0,0,0,0,0,0,0,0,0,0,0,0,0,0,0,0,0,0,0,0,0,0,0,0,0,0,0,0,0,0,0,0,0,0,0,0,0,0,0,0,0,0,0,0,0,0,0,0,0,0,0,0,0,0,0,0,0,0,0,0,0,0,0,0,0,8,4,0,0,0,0,0,0,8,4,0,0
913,0,0,0,0,0,0,0,0,2,0,0,0,0,0,0,0,0,0,0,0,0,0,0,0,0,0,0,0,0,0,0,0,0,0,0,0,0,0,0,0,0,0,0,0,0,0,0,0,0,0,0,0,0,0,0,0,0,0,0,0,0,0,0,0,0,0,0,0,0,0,0,0,0,0,0,0,0,0,0,0,0,0,0,0,0,0,0,0,0,0,0,0,0,0,0,0,0,0,0,0,0,0,0,0,0,0,0,0,0,0,0,0,0,0,0,0,2,0,0,0,0,0,0,0,2,0,0,0
914,0,0,0,0,0,0,0,0,9,16,109,99,0,0,0,0,0,0,0,0,0,0,0,0,0,0,0,0,0,0,0,0,0,0,0,0,0,0,0,0,0,0,0,3,0,0,2,0,0,0,0,0,0,0,0,0,0,4,3,4,0,0,0,0,0,0,0,0,0,0,0,0,0,0,0,0,0,0,0,0,0,0,0,0,0,0,0,0,0,0,0,0,0,0,0,0,0,0,0,0,0,0,0,0,0,0,0,0,0,0,0,0,0,4,5,7,9,20,114,106,0,4,6,8,9,20,115,107
915,0,0,0,0,0,0,0,0,6,0,0,2,0,0,0,0,0,0,0,0,0,0,0,0,0,0,0,0,0,0,0,0,0,0,0,0,0,0,0,0,1,0,0,0,0,0,0,0,0,0,0,0,0,0,0,0,0,0,0,0,0,0,0,0,0,0,0,0,0,0,0,0,0,0,0,0,0,0,0,0,0,0,0,0,0,0,0,0,0,0,0,0,0,0,0,0,0,0,0,0,0,0,0,0,0,0,0,0,0,0,0,0,1,0,0,0,7,0,0,2,1,0,0,0,7,0,0,2
916,0,0,0,0,0,0,0,0,61,43,14,10,0,0,0,0,0,0,0,0,0,0,0,0,0,0,0,0,5,7,0,0,0,0,0,0,1,0,0,0,1,1,1,0,2,0,0,0,0,0,0,0,0,0,0,0,1,0,1,1,0,0,0,0,0,0,0,0,0,0,0,0,0,0,0,0,0,0,0,0,1,2,0,0,0,2,0,0,0,2,0,0,7,5,0,0,1,0,0,0,0,3,0,0,0,0,0,0,0,0,0,0,19,22,2,1,80,65,16,11,56,158,3,2,117,201,17,12
917,0,0,0,0,0,0,0,0,114,98,78,74,0,0,0,0,0,0,0,0,0,0,0,0,0,0,0,0,2,2,2,1,0,0,0,0,0,0,0,0,2,4,2,3,0,0,0,0,0,1,1,0,0,0,0,0,2,2,1,1,0,0,0,0,0,0,0,0,5,0,0,0,0,0,0,0,2,2,2,3,0,0,0,1,0,0,0,0,0,0,0,0,0,1,0,1,0,0,0,0,0,0,0,0,0,0,0,0,0,0,0,0,13,12,8,10,127,110,86,84,16,15,13,17,130,113,91,91
