sscod;BELGIQUE;ALLEMAGNE;DANEMARK;ESPAGNE;FINLANDE;FRANCE;ROYAUME_UNI;GRECE;IRLANDE;PORTUGAL;SLOVENIE;ROUMANIE;TURQUIE;INDE;JAPON;ISRAEL;CONGO_/REP.DEM/;ALGERIE;MAROC;TUNISIE;TOTAL_AFRIQUE;TOTAL_(AVEC_REFUGIES)
21001A00-;1855;1;1;82;0;46;3;9;0;32;0;16;35;0;0;0;27;6;199;1;295;2607
21001A011;1622;;0;67;0;26;1;16;0;39;0;21;24;0;0;0;22;2;190;8;255;2302
21001A02-;432;1;0;2;0;20;1;17;0;4;0;21;13;1;0;0;19;4;78;6;114;706
21001A031;1237;3;0;27;0;42;0;19;0;24;0;11;11;0;0;0;11;13;96;3;143;1649
21001A041;1778;2;0;56;0;69;3;8;0;39;0;43;15;0;0;0;7;3;64;1;93;2292
21001A051;957;2;0;17;0;27;2;24;0;21;0;7;9;1;1;0;12;3;34;1;64;1231
21001A07-;186;1;0;2;0;4;0;0;0;10;0;5;3;5;0;0;1;5;58;0;73;330
21001A08-;;;;;;;;;;;;;;;;;;;;;;8
21001A10-;661;;0;22;0;10;2;5;0;7;0;4;5;0;0;0;8;0;15;1;31;820
21001A112;1693;1;1;35;0;53;0;24;0;115;0;39;10;4;0;0;13;14;212;4;265;2449
21001A120;1974;4;1;79;0;75;3;27;0;31;0;13;33;1;0;0;19;9;194;5;254;2711
21001A132;639;;0;26;0;24;0;10;0;20;0;4;2;0;0;0;2;0;56;6;76;901
21001A142;791;3;0;23;0;37;2;5;0;18;0;7;3;2;0;0;0;0;35;1;49;1051
21001A152;939;2;0;34;0;21;6;5;1;11;0;13;5;0;0;0;7;3;44;2;64;1199
21001A3MJ;;;;;;;;;;;;;;;;;;;;;;8
21001A30-;1749;;0;65;0;29;2;16;1;54;1;15;22;0;0;0;16;4;77;1;141;2318
21001A31-;962;;0;57;0;22;3;13;1;30;0;1;7;3;0;0;9;1;38;1;53;1253
21001A32-;2359;2;0;88;1;47;4;20;0;36;0;0;5;0;0;0;24;3;34;3;79;2837
21001A332;836;;0;24;0;16;1;15;0;9;0;2;7;0;0;0;13;2;39;0;80;1070
21001A34-;1775;5;0;45;0;36;2;4;0;29;0;5;4;0;0;0;4;2;35;5;61;2061
21001A350;866;;0;18;0;31;1;6;0;48;0;2;4;0;0;0;6;2;29;2;67;1117
21001A37-;20;;0;0;0;0;0;0;0;0;0;0;0;0;0;0;0;0;4;0;5;25
21001A401;454;1;0;2;1;6;1;10;0;7;3;3;3;0;0;0;2;0;1;0;4;509
21001A41-;1968;;0;41;0;37;0;7;0;5;0;8;3;0;1;0;12;1;13;1;31;2173
21001A42-;454;1;0;13;0;5;0;17;0;0;0;5;0;0;0;0;3;3;2;0;13;547
21001A43-;995;2;1;28;0;28;2;7;0;14;0;3;3;0;0;0;3;2;20;3;38;1189
21001A441;1569;2;0;45;0;37;2;12;1;32;0;3;10;0;0;0;10;3;48;1;80;1916
21001A451;1133;1;0;42;0;15;7;3;0;30;0;4;4;1;0;0;11;2;19;0;55;1374
21001A472;167;;0;6;0;5;0;0;0;0;0;3;1;0;0;0;2;1;6;0;13;227
21001A492;97;;0;0;0;6;0;1;0;0;0;0;0;0;0;0;7;0;1;0;8;121
21001A503;1294;3;0;21;0;40;0;10;0;14;0;2;0;0;0;0;16;2;7;1;32;1469
21001A51-;1318;1;0;13;0;18;2;1;1;2;0;0;2;0;0;0;4;0;4;0;11;1426
21001A52-;445;2;0;9;0;4;1;3;0;1;0;6;0;0;0;0;3;1;2;0;8;494
21001A53-;291;3;0;13;0;7;4;2;0;5;0;0;0;0;1;0;0;0;1;0;2;345
21001A552;610;;0;20;0;12;2;21;0;17;0;2;1;0;0;0;2;0;16;1;21;753
21001A712;554;1;0;24;0;11;0;16;0;10;0;1;17;0;0;0;9;2;43;2;61;759
21001A72-;2036;5;0;42;1;43;4;23;0;37;0;7;5;0;0;0;15;12;196;4;245;2686
21001A732;216;2;0;3;0;6;1;3;0;2;0;0;3;0;0;0;0;0;4;0;4;245
21001A74-;1841;5;0;68;1;36;0;11;0;42;0;12;13;0;0;0;10;6;98;1;125;2315
21001A783;;;;;;;;;;;;;;;;;;;;;;6
21001A80-;2250;2;0;43;0;41;4;36;0;15;0;5;8;0;0;0;3;2;28;2;44;2557
21001A81-;1122;;0;24;0;22;1;14;0;13;0;0;1;0;0;1;11;0;6;0;17;1253
21001A82-;1394;1;0;27;0;32;3;5;1;4;0;0;0;0;0;0;11;4;24;0;43;1551
21001A83-;2505;;0;84;0;39;3;13;0;11;0;5;0;0;0;0;21;7;241;2;301;3035
21001A84-;631;;0;16;0;16;0;14;1;9;0;10;2;0;0;0;1;0;16;3;24;780
21001A85-;376;1;0;6;0;7;1;4;0;0;0;2;3;0;0;0;0;0;14;0;17;471
21001A90-;1412;;0;58;0;29;2;47;0;13;0;5;3;2;0;0;2;2;72;1;86;1768
21001A911;1550;3;0;43;0;34;1;8;0;14;0;5;20;6;0;0;7;5;137;8;179;1992
21001A92-;2313;;0;88;1;48;2;39;1;33;0;14;9;0;0;0;6;4;84;1;108;2863
21001A931;1121;1;0;24;0;51;0;28;0;29;0;31;16;8;0;0;23;5;123;0;165;1601
21001A941;1503;1;0;53;0;23;2;17;0;43;0;5;0;0;0;0;17;2;37;1;73;1851
21001A95-;2178;3;0;94;0;29;0;21;0;31;0;3;10;0;0;0;10;11;35;3;63;2601
21001A982;;;;;;;;;;;;;;;;;;;;;;6
21001B10-;1360;1;0;21;0;23;10;2;0;27;0;10;21;0;0;4;18;5;352;4;440;2098
21001B11-;343;4;0;19;0;8;0;2;0;0;0;41;10;0;0;0;12;3;94;4;132;630
21001B17-;348;;0;4;0;4;0;2;0;14;0;3;1;0;0;0;10;2;101;2;127;589
21001B20-;2545;1;0;113;0;67;11;60;0;84;0;60;89;4;0;1;54;11;517;10;713;4267
21001B21-;1482;3;0;82;0;46;3;21;1;133;0;31;45;4;0;0;8;16;391;6;501;2703
21001B22-;459;5;1;29;0;45;4;10;0;108;3;8;3;0;0;0;12;5;61;5;113;944
21001B23-;647;3;0;23;0;21;10;21;0;77;0;2;13;1;0;0;10;1;55;2;102;1101
21001B241;703;2;0;32;0;19;1;57;0;22;1;25;27;0;0;1;35;2;110;6;220;1317
21001B25-;1862;2;0;23;0;41;1;70;1;60;0;37;153;0;0;0;29;8;390;3;498;3135
21001B3MJ;67;;0;1;0;5;0;0;0;3;0;0;2;0;0;0;0;0;1;0;2;99
21001B31-;626;;0;9;0;10;0;0;0;6;0;0;1;0;0;1;5;2;132;2;149;843
21001B321;917;2;0;29;0;21;0;24;0;110;0;22;20;0;0;0;13;4;166;2;215;1562
21001B332;796;1;0;13;0;20;0;6;0;11;0;5;1;0;0;0;9;7;109;1;141;1037
21001B372;32;;0;0;0;0;7;0;0;1;0;0;2;0;0;0;0;8;7;0;18;67
21001C5MA;;;;;;;;;;;;;;;;;;;;;;13
21001C5PA;26;;0;0;0;0;0;0;0;0;0;0;0;0;0;0;0;0;0;0;0;28
21001C512;1359;;0;20;0;30;2;3;0;11;0;2;0;0;0;0;2;0;17;0;20;1479
21001C522;79;2;0;4;0;71;0;0;0;2;0;6;0;0;0;0;2;2;10;2;44;243
21001C581;35;1;0;3;0;0;0;0;0;2;0;0;0;0;0;0;0;0;0;0;0;41
21001C6PB;429;;0;0;0;7;0;0;0;1;0;0;0;0;0;0;0;0;1;0;1;458
21001C611;451;;0;9;0;5;0;4;0;9;0;0;2;0;0;0;1;1;1;0;3;497
21001C70-;184;;0;0;0;3;0;3;0;1;0;0;0;0;0;0;0;1;4;0;5;202
21001C71-;1268;1;0;18;0;38;1;4;0;14;0;1;1;0;2;0;4;1;36;0;42;1435
21001C79-;112;;0;0;0;1;2;1;0;0;0;0;0;0;0;0;0;0;0;1;1;126
21002A00-;774;6;6;12;0;35;6;4;7;21;0;6;1;1;12;0;0;0;2;0;3;941
21002A01-;525;7;3;3;1;32;12;0;8;14;1;1;1;0;0;0;2;0;0;0;5;644
21002A02-;633;13;6;14;1;41;12;5;3;15;0;0;1;2;48;0;1;0;1;0;6;865
21002A030;1365;7;3;32;6;52;17;2;4;13;0;3;1;0;48;0;3;3;4;1;20;1649
21002A041;420;6;3;0;0;25;5;3;1;10;0;1;0;1;14;0;0;0;1;1;6;512
21002A072;64;;0;0;0;1;0;0;0;3;0;2;0;0;0;0;0;0;0;0;0;86
21002A10-;2124;18;3;22;3;86;9;4;6;14;0;1;3;4;35;0;26;2;10;1;50;2492
21002A11-;836;1;3;4;2;27;10;0;2;1;0;1;0;0;5;0;0;0;4;0;6;933
21002A12-;1198;18;4;17;4;69;21;10;4;5;0;5;1;0;34;0;2;0;1;0;8;1446
21002A130;989;21;17;27;0;52;14;22;0;0;0;0;0;0;39;0;0;0;0;1;1;1259
21002A14-;308;9;0;1;5;10;6;2;0;5;0;0;0;0;3;0;0;0;2;0;4;364
21002A15-;128;1;0;0;0;6;1;2;0;5;0;0;0;0;1;0;0;0;0;0;0;150
21002A18-;;;;;;;;;;;;;;;;;;;;;;13
21002A190;34;;0;0;0;0;0;0;0;0;0;0;0;0;0;0;0;0;0;0;0;38
21002A20-;908;7;0;15;0;39;15;2;2;13;0;0;0;4;11;0;8;0;12;1;30;1103
21002A21-;2218;19;1;58;11;123;31;17;13;35;0;15;2;0;36;1;16;5;7;0;42;2825
21002A22-;632;33;8;17;7;32;9;16;9;8;0;3;0;0;16;1;1;0;3;0;5;850
21002A23-;1017;17;4;15;2;74;10;2;1;18;0;0;1;1;18;0;11;1;6;2;23;1276
21002A24-;1001;2;2;12;3;58;6;7;2;15;0;3;0;1;8;0;4;1;7;2;16;1218
21002A25-;1038;14;3;29;2;49;14;16;1;9;4;18;0;3;15;0;6;0;6;2;15;1326
21002A30-;761;2;0;19;0;36;4;3;2;14;0;1;3;1;8;1;15;2;14;1;61;1035
21002A311;722;5;1;5;1;50;10;11;3;11;0;4;0;0;0;0;9;1;6;2;43;961
21002A372;130;6;1;3;0;17;3;1;0;2;0;0;0;0;1;0;0;0;2;0;6;201
21002A411;469;13;1;8;2;34;8;5;1;6;0;0;0;0;12;0;0;1;1;1;3;612
21002A422;69;5;3;0;0;12;2;0;0;0;0;1;0;0;2;0;0;0;0;0;0;127
21002A43-;500;2;0;15;5;48;9;4;1;21;1;2;0;1;93;0;3;1;4;0;11;846
21002A441;802;5;2;25;5;61;30;11;1;8;0;0;0;0;16;0;0;0;0;0;6;1113
21002A45-;692;13;1;6;1;25;12;10;0;2;0;1;0;0;0;0;2;0;0;0;7;831
21002A482;17;;0;0;0;1;0;0;0;0;0;0;0;0;0;0;0;0;1;0;1;20
21002A492;;;;;;;;;;;;;;;;;;;;;;3
21002A511;1394;8;6;30;1;76;34;18;4;30;0;1;0;1;90;0;3;0;3;3;19;1838
21002A52-;439;1;2;8;1;29;7;1;0;5;0;0;0;4;37;0;0;0;1;0;1;587
21002A53-;958;11;2;11;1;35;10;18;1;18;5;3;0;0;97;0;7;2;1;0;16;1237
21003A0AJ;753;;0;20;0;9;0;3;0;1;0;0;0;0;0;0;19;1;24;0;57;884
21003A00-;1954;3;3;40;0;52;1;13;0;11;0;9;12;0;0;0;14;4;60;1;89;2279
21003A011;948;1;0;30;0;11;0;13;6;7;0;5;1;0;0;0;8;11;29;0;57;1152
21003A02-;2201;7;0;29;1;55;10;8;4;22;0;2;1;1;0;0;11;6;52;1;81;2539
21003A03-;1434;;0;25;0;23;3;15;0;15;0;4;6;0;0;0;11;0;37;2;59;1653
21003A04-;870;1;1;13;0;14;0;1;0;0;0;2;1;0;1;0;6;0;13;0;22;954
21003A05-;1420;3;0;22;0;26;3;6;0;8;0;5;5;0;0;0;11;2;33;2;55;1638
21003A10-;2304;7;1;67;1;75;6;3;0;24;0;13;10;0;0;0;25;5;61;3;107;2793
21003A11-;536;1;0;4;0;4;0;2;0;8;0;0;2;0;0;0;4;1;16;0;27;599
21003A2MJ;220;;0;10;0;4;0;1;0;1;0;0;0;0;0;0;12;2;15;0;30;286
21003A212;404;1;0;3;0;21;0;7;0;11;0;6;7;0;0;0;6;1;19;0;28;519
21003A283;89;;0;0;0;2;1;0;0;0;0;0;0;0;0;0;1;0;1;0;2;100
21003A312;1672;1;0;17;1;20;5;2;1;0;2;9;0;0;0;0;0;1;15;1;17;1827
21003A323;768;;0;9;0;7;0;11;1;2;0;17;0;0;0;0;10;0;14;0;26;875
21003A331;502;1;0;5;0;7;1;6;0;7;0;0;0;0;0;0;1;0;9;0;12;569
21003A342;727;;0;20;0;14;2;8;0;0;0;0;2;1;0;0;0;0;5;1;6;801
21003A38-;189;;0;3;0;3;0;0;0;3;0;0;0;0;0;0;0;0;0;0;2;202
21003A41-;574;;0;4;0;9;0;1;0;8;0;1;0;1;0;0;12;0;11;0;26;647
21004A001;438;13;6;18;6;64;17;17;3;13;0;5;1;5;1;0;2;4;19;1;32;746
21004A002;252;7;0;24;0;44;7;2;2;4;0;0;0;0;0;0;1;2;5;1;9;419
21004A01-;361;1;1;21;3;66;20;12;2;8;0;1;1;2;3;0;1;0;4;0;13;621
21004A02-;1026;15;3;43;1;76;16;21;4;14;3;4;6;0;1;0;12;7;183;6;230;1607
21004A03-;1041;12;2;47;0;101;19;13;3;9;1;14;2;1;7;2;24;8;128;9;207;1670
21004A04-;594;7;3;32;1;38;8;5;3;11;0;5;5;0;0;0;7;1;58;1;88;870
21004A1MJ;;;;;;;;;;;;;;;;;;;;;;11
21004A10-;58;2;0;0;0;6;2;0;0;1;0;0;0;0;2;0;0;1;0;0;1;88
21004A12-;63;;0;9;0;12;1;2;0;8;0;0;0;0;0;0;3;0;2;0;5;153
21004A13-;374;17;8;20;1;80;16;8;2;11;1;5;3;0;4;0;0;0;2;0;7;698
21004A14-;1046;24;2;50;9;146;40;10;5;10;0;11;3;2;6;1;9;2;82;2;111;1711
21004A15-;257;2;2;3;1;19;1;1;0;0;1;4;0;0;0;2;5;1;14;1;33;355
21004A16-;1410;9;0;41;0;50;2;1;4;18;0;12;1;0;3;0;23;7;136;5;206;1891
21004A19-;38;;0;0;0;1;0;0;0;0;0;0;0;0;0;0;0;0;0;0;0;39
21004A20-;1379;32;6;62;6;148;31;20;6;17;0;19;5;6;3;1;9;6;34;5;82;2136
21004A21-;3881;24;1;173;0;86;13;10;2;16;0;26;4;2;4;6;50;24;1065;32;1349;6041
21004A22-;2182;9;1;128;2;108;12;17;2;29;1;13;6;1;1;0;45;6;369;4;488;3294
21004A23-;1935;16;0;76;3;83;15;14;2;19;0;15;10;0;3;1;14;10;224;4;308;2681
21004A24-;1992;21;11;45;4;130;29;19;2;10;0;48;15;4;7;7;18;3;284;16;425;3053
21004A25-;1130;26;4;51;7;91;18;15;2;15;1;9;8;2;4;0;13;5;49;3;107;1711
21004A3MJ;15;3;0;4;1;0;1;1;0;1;0;2;2;0;1;0;0;0;0;0;0;38
21004A30-;;;;;;;;;;;;;;;;;;;;;;8
21004A32-;398;5;2;19;1;14;9;1;0;3;0;3;1;2;1;0;4;2;21;3;37;543
21004A33-;1101;19;2;62;6;119;21;1;4;10;2;14;15;8;4;0;18;2;36;4;86;1720
21004A34-;452;11;0;22;3;61;15;10;1;11;0;3;1;4;1;0;7;4;21;4;46;781
21004A35-;423;6;0;12;1;35;4;5;0;4;0;8;2;2;0;1;2;2;15;0;36;642
21004A70-;2967;6;1;142;1;86;11;11;1;95;0;17;6;2;0;0;39;14;582;9;738;4318
21004A71-;888;11;1;37;0;93;6;1;0;9;0;18;1;0;2;0;14;0;50;1;82;1262
21004A72-;816;2;0;54;0;14;0;3;0;17;0;11;1;0;0;0;9;2;166;9;210;1184
21004A811;1452;2;2;34;2;79;24;35;6;2;1;10;6;1;0;0;16;2;151;6;213;2029
21004A822;168;1;0;8;0;11;2;5;0;5;0;9;0;0;0;0;3;2;20;3;41;295
21004A83-;729;5;1;21;2;49;9;5;1;6;0;15;7;0;0;1;15;5;48;9;95;1076
21004B10-;191;7;1;18;0;29;13;1;1;21;0;22;2;0;1;0;3;1;7;0;12;369
21004B112;13;;0;1;0;1;1;0;0;0;0;0;1;0;0;0;0;0;0;1;1;22
21004B13-;155;7;0;13;6;21;10;3;4;10;3;1;0;0;2;0;5;0;5;1;17;297
21004B2MJ;117;9;4;16;4;19;12;8;3;5;1;12;1;1;2;2;1;0;0;0;9;316
21004B2WJ;55;8;0;1;3;7;2;0;6;11;2;0;0;0;0;1;4;0;0;2;8;142
21004B293;66;4;0;8;0;10;5;3;3;3;2;1;0;0;2;0;1;0;1;0;2;123
21004B411;614;48;5;44;8;69;36;9;13;7;4;5;13;3;1;0;11;2;30;2;51;1220
21004B421;1216;16;28;88;30;217;119;54;23;42;16;37;39;28;7;1;17;3;47;8;101;2762
21004B43-;2569;13;18;113;50;271;128;42;20;75;7;50;27;11;9;0;31;3;75;5;146;4510
21004B44-;1023;14;15;105;25;176;113;69;63;56;12;27;10;18;10;0;10;8;6;2;34;2432
21004B45-;620;62;5;59;18;100;39;19;7;38;2;16;4;2;9;0;50;3;12;15;190;1472
21004B49-;;;;;;;;;;;;;;;;;;;;;;18
21004C501;260;4;0;20;2;73;15;9;1;12;0;0;0;0;5;1;2;0;2;0;5;486
21004C51-;470;18;1;28;4;88;21;15;3;23;0;3;3;0;11;4;5;0;6;2;14;858
21004C52-;462;1;5;32;2;98;35;14;5;33;0;1;1;0;4;0;6;3;3;2;19;836
21004C53-;351;18;2;15;4;90;22;10;6;32;0;2;2;4;8;5;4;0;10;0;16;714
21004C54-;661;43;21;39;6;156;43;21;12;37;2;7;7;11;2;0;5;0;6;1;20;1369
21004C552;717;7;5;33;11;122;30;12;5;52;0;8;8;26;5;7;17;1;10;1;30;1350
21004C61-;431;17;2;5;8;61;15;15;2;15;0;1;1;5;3;0;4;2;10;3;28;698
21004C62-;382;11;1;29;1;40;5;13;2;8;0;2;2;2;2;0;1;0;2;0;6;630
21004C63-;658;15;5;18;5;69;20;29;3;35;0;1;21;9;9;0;3;0;1;0;27;1051
21004C642;127;2;0;4;0;31;5;3;2;15;0;1;0;1;32;0;0;1;1;3;16;303
21004C65-;180;14;4;12;0;41;10;2;1;5;5;0;0;1;2;0;0;0;0;0;0;300
21004D6MJ;19;;0;0;0;1;0;0;0;1;0;0;0;0;0;0;0;0;0;0;0;23
21004D6NJ;77;;0;0;0;5;0;1;0;0;0;1;0;0;0;0;2;0;3;0;6;100
21004D600;817;1;0;11;0;27;0;32;0;8;0;0;5;0;0;0;5;11;97;0;119;1049
21004D610;1676;2;0;11;2;49;5;68;0;3;0;2;7;0;0;0;33;15;199;4;291;2201
21004D62-;1925;1;0;28;0;37;0;60;0;0;0;34;329;4;0;2;32;4;299;2;394;3088
21004D631;50;2;0;1;0;1;0;0;0;0;0;0;1;0;0;0;2;0;1;0;5;61
21004D64-;577;1;0;3;0;22;2;10;0;12;0;5;54;1;0;0;11;1;89;1;107;844
21004D672;812;2;0;11;0;25;4;21;0;15;0;4;12;0;0;0;24;2;38;3;105;1157
2,1E+105;1306;2;1;15;0;37;1;8;0;5;0;18;21;0;5;0;8;3;152;2;166;1667
2,1E+116;338;2;0;7;0;8;1;0;0;1;0;3;23;0;0;0;1;2;31;2;39;447
21004E12-;3690;8;0;62;0;70;11;31;0;20;0;79;61;2;0;0;54;29;306;2;430;4721
2,1E+134;3458;1;0;56;2;85;8;24;7;27;0;56;42;3;0;0;26;8;170;4;237;4283
21004E14-;1754;1;1;21;0;48;4;9;1;14;0;19;22;3;0;0;11;12;99;9;156;2181
2,1E+184;27;;0;5;0;0;0;0;0;5;0;0;0;0;0;0;0;0;0;0;0;38
2,1E+205;3875;9;0;80;1;83;17;68;1;12;0;13;22;1;1;0;39;9;51;3;121;4589
2,1E+215;494;;0;10;0;14;2;6;0;0;1;2;8;0;0;0;1;0;21;1;29;614
2,1E+226;2067;1;1;25;0;33;5;8;1;12;0;1;0;0;1;0;28;0;15;2;50;2314
2,1E+237;581;3;0;4;0;9;2;1;0;3;0;1;5;3;1;0;1;2;6;0;11;656
2,1E+296;;;;;;;;;;;;;;;;;;;;;;3
21004E70-;3329;7;0;35;1;81;6;31;0;7;1;58;204;3;0;0;32;21;432;9;530;4718
21004E72-;3496;2;0;55;0;95;3;30;0;1;0;33;248;3;0;1;40;28;615;10;720;5000
21004E73-;2263;9;1;32;1;75;7;27;0;22;0;54;81;3;0;0;40;11;367;7;455;3313
21004E74-;5051;16;1;38;1;139;14;41;2;28;2;127;141;2;0;0;91;27;500;7;682;6884
21004E8MJ;120;;0;1;0;3;1;1;0;1;0;0;1;0;0;0;3;0;2;0;5;136
21004E8NJ;0;;0;0;0;103;0;0;0;0;0;1;0;0;0;0;0;0;1;3;8;118
21004E800;994;6;0;9;0;16;5;3;0;3;0;2;1;0;0;0;7;1;7;0;20;1103
21004E81-;982;2;0;14;0;21;1;7;0;1;0;6;8;0;1;0;1;1;22;4;30;1139
21004E82-;2645;;0;27;0;42;3;9;0;3;0;1;5;1;0;0;20;5;113;3;155;2981
21004E83-;3159;15;0;45;2;94;12;21;5;17;0;13;7;1;1;0;24;5;78;16;143;3749
21004F511;1438;2;0;28;0;22;2;33;1;12;0;4;1;0;0;0;12;0;27;2;43;1684
21004F522;1951;11;2;5;1;44;5;22;0;2;0;0;3;0;1;0;6;2;9;0;19;2155
21004F531;2084;3;0;30;0;28;2;14;0;20;0;6;2;0;1;0;21;1;30;0;63;2347
21004F572;27;;0;0;0;0;0;0;0;0;0;0;0;0;0;0;0;0;0;0;0;27
21004F9MJ;238;;0;0;0;1;0;0;0;0;0;0;0;0;0;0;1;0;3;0;4;245
21004F901;1148;7;0;21;1;27;1;8;0;6;0;0;1;1;0;0;7;1;17;1;31;1325
21004F91-;1859;9;4;30;0;19;2;37;0;4;0;0;8;0;1;0;9;1;18;1;31;2123
21004F922;2089;7;0;28;0;48;2;31;1;16;0;4;14;0;0;0;8;3;52;1;70;2448
21004F930;1568;;0;11;0;42;0;17;0;5;0;0;5;0;0;0;32;6;138;3;211;1940
21004F94-;584;;0;5;0;10;0;2;0;0;0;0;0;0;0;0;4;0;46;0;50;658
21004F953;821;1;0;30;0;7;2;13;0;0;0;1;0;0;0;0;0;0;7;0;7;914
21004F970;90;1;0;1;0;5;0;0;0;0;0;0;1;0;0;0;0;0;8;0;8;108
21004F994;98;;0;0;0;4;0;2;0;0;0;0;0;0;0;0;0;0;0;0;0;108
21004G3MJ;239;;0;6;0;2;1;0;0;1;0;6;2;0;0;0;0;0;12;0;13;287
21004G3NJ;137;1;0;0;0;13;0;1;0;0;0;0;1;0;0;0;2;0;0;0;2;168
21004G30-;1918;3;0;46;0;26;1;5;0;36;0;0;8;0;2;1;7;0;32;0;40;2160
21004G310;624;2;1;16;0;2;1;0;0;17;0;0;5;0;0;0;0;0;18;0;22;718
21004G321;729;4;0;7;0;17;1;0;0;8;0;2;3;0;0;0;5;3;6;0;16;824
21004G371;;;;;;;;;;;;;;;;;;;;;;4
21005A00-;1752;95;26;92;27;274;93;21;23;64;9;24;13;11;3;6;15;5;37;3;78;3123
21005A01-;1785;68;24;115;39;354;84;58;20;45;6;26;8;27;3;3;10;4;35;5;76;3403
21005A02-;1480;46;7;54;20;208;47;18;18;56;9;16;8;4;6;0;14;3;43;3;94;2494
21005A031;942;19;7;61;4;70;15;19;12;26;1;11;6;0;2;2;12;3;17;2;48;1394
21005A042;2561;55;2;52;10;228;37;14;4;82;3;24;9;12;0;0;29;11;116;6;238;3841
21005A051;2681;48;14;85;14;204;33;24;10;74;4;30;3;16;3;0;25;2;63;5;138;3912
21005A082;40;8;1;8;11;18;10;0;3;7;0;0;0;0;12;3;0;0;1;0;1;194
21005A10-;2454;18;5;53;0;119;22;5;14;36;3;14;5;3;2;0;11;15;59;4;129;3213
21005A11-;2140;46;3;45;12;126;35;30;6;49;2;18;4;29;2;2;18;2;26;6;77;2905
21005A12-;3887;43;7;82;7;286;43;36;20;124;4;26;17;9;4;0;55;13;126;6;318;5778
21005A13-;905;23;8;16;1;85;16;4;5;32;2;17;6;9;0;0;6;3;23;0;58;1407
21005A14-;1614;114;8;96;33;274;88;29;17;72;1;10;2;2;8;1;3;4;12;11;49;2847
21005A15-;1108;36;12;59;28;118;47;17;6;49;1;10;2;13;6;0;7;1;6;4;39;1760
21005A20-;739;62;12;53;13;171;82;27;18;36;3;6;5;2;11;1;6;1;6;4;25;1625
21005A21-;325;29;1;44;3;67;27;18;6;21;4;8;1;1;1;0;1;0;1;1;5;684
21005A22-;574;41;2;28;9;87;35;10;8;15;0;2;0;0;2;0;3;3;6;1;16;957
21005A311;698;7;0;38;2;42;14;10;6;24;7;5;1;2;4;0;1;5;7;0;19;981
21005A322;314;;0;0;0;10;0;1;0;0;0;0;1;0;0;0;1;0;8;2;13;354
21005A33-;894;12;1;12;1;73;13;16;1;50;0;4;0;1;4;1;2;5;5;4;30;1274
21006A001;2083;8;0;15;0;44;7;4;1;24;0;8;10;0;3;0;29;1;78;3;125;2493
21006A011;2103;12;0;39;0;45;8;7;0;17;0;4;51;0;1;0;17;3;55;1;80;2518
21006A02-;530;1;0;3;0;13;0;1;0;10;0;0;4;0;0;0;14;0;24;0;40;617
21006A03-;789;;0;7;0;15;3;0;0;2;0;3;4;1;0;0;9;0;7;2;25;876
21006A042;781;9;0;9;0;19;5;3;0;17;0;1;6;0;0;0;7;0;23;1;39;955
21006A052;1878;5;0;11;0;35;1;10;0;10;0;10;24;0;0;0;9;4;43;1;64;2229
21006A094;87;;0;0;0;0;0;0;0;0;0;0;0;0;0;0;0;0;0;0;0;89
21006A101;3182;7;0;30;0;67;8;7;0;45;0;21;38;5;1;0;49;6;67;1;149;3870
21006A11-;732;3;2;14;0;18;2;5;0;5;0;2;6;2;0;4;22;0;8;0;30;857
21006A12-;644;3;0;6;0;4;0;0;0;1;0;0;2;1;0;0;18;2;30;1;60;736
21006A13-;1040;1;0;7;0;32;6;6;0;1;0;0;5;0;1;0;20;0;8;1;42;1216
21006A142;895;3;0;10;0;22;5;2;0;12;0;3;12;0;0;0;6;0;20;0;30;1060
21006A153;765;5;0;8;0;29;4;6;0;9;0;5;10;0;1;1;13;1;15;0;34;1001
21006A171;171;;0;0;0;1;1;0;0;6;0;0;0;0;0;0;2;0;4;0;11;203
21006A201;1682;16;0;26;0;43;14;14;5;46;0;8;8;1;0;0;8;1;25;4;44;2058
21006A21-;794;;1;27;0;31;8;0;0;18;0;9;4;0;1;0;1;2;53;0;59;1010
21006A22-;1678;8;0;34;0;41;8;21;0;14;0;6;19;32;0;0;36;2;8;2;53;2041
21006A23-;1943;9;2;38;3;68;20;8;2;34;3;22;13;101;8;1;14;2;43;1;74;2550
21006A24-;356;;0;1;0;2;0;0;0;3;0;0;1;0;0;0;2;0;14;0;16;381
21006A25-;953;2;0;4;0;6;0;4;0;1;0;0;3;0;0;0;5;0;30;0;37;1026
21006A272;;;;;;;;;;;;;;;;;;;;;;5
21006A312;275;4;0;4;0;14;2;2;0;1;0;1;0;3;2;0;1;0;6;0;9;367
21006A323;898;;0;9;0;12;0;0;0;3;0;1;0;0;0;0;16;2;16;0;40;990
21006A37-;173;3;0;0;0;3;0;0;0;0;0;0;0;0;0;0;0;0;0;0;0;185
21006A403;975;5;0;2;0;13;1;2;0;14;0;3;9;2;0;0;11;0;7;2;26;1114
21006A414;1464;28;3;52;3;51;14;9;2;29;0;9;13;16;5;0;10;1;8;0;27;1924
21006A474;169;;0;1;0;0;2;0;0;3;0;2;2;0;0;0;2;1;1;0;4;187
21006A48-;31;;0;0;0;0;0;0;0;0;0;1;0;0;0;0;0;0;0;0;0;32
21006A515;782;2;0;3;0;19;2;3;1;0;0;3;10;0;1;0;10;0;70;1;88;999
21007A00-;1822;9;0;80;0;57;5;31;0;49;0;6;13;1;0;0;21;4;144;3;213;2590
21007A01-;860;3;1;44;0;37;0;8;1;27;0;1;0;0;0;0;8;0;46;1;66;1127
21007A02-;491;3;0;7;0;17;2;0;0;1;0;0;1;0;0;1;2;0;4;1;8;551
21007A03-;738;3;0;21;1;19;0;17;0;7;0;0;0;0;0;0;0;4;38;0;43;887
21007A04-;671;;0;19;0;21;0;1;0;12;0;0;0;0;0;0;1;0;67;0;76;846
21007A05-;582;5;0;15;0;25;3;1;0;48;0;0;0;3;0;2;10;0;23;1;39;778
21007A06-;372;2;0;12;0;7;0;3;1;36;0;10;2;0;0;0;4;6;37;0;65;567
21007A071;153;;0;2;0;4;0;4;0;8;0;3;0;0;0;0;0;0;7;0;7;213
21007A082;42;;0;0;0;1;0;0;0;7;0;0;0;0;0;0;0;0;2;2;4;56
21007A101;1795;3;0;67;2;67;8;16;0;56;0;16;2;0;0;4;11;1;64;1;94;2352
21007A111;459;1;4;7;1;10;4;1;0;2;0;0;0;0;0;0;1;1;5;0;8;518
21007A12-;192;;0;5;0;9;2;0;0;9;0;0;0;0;1;0;0;0;0;0;0;224
21007A132;117;2;0;8;0;7;0;0;0;2;0;13;0;0;0;0;0;0;3;0;3;164
21007A142;1072;9;0;38;0;27;0;4;0;42;0;12;2;0;1;0;4;0;18;0;30;1299
21007A201;2111;11;1;41;0;74;8;22;0;40;0;4;0;2;1;2;8;3;8;2;36;2448
21007A21-;379;;3;6;0;10;3;0;0;4;0;0;0;0;0;2;10;0;0;0;12;442
21007A239;2341;8;1;54;1;114;11;13;0;37;2;5;2;0;1;11;12;2;17;0;42;2802
21007A242;434;;0;1;0;19;3;0;1;17;0;0;0;0;0;4;3;0;5;0;12;536
21007A252;182;;0;24;0;4;1;0;0;6;0;0;0;0;0;0;0;1;2;0;7;235
21007A373;;;;;;;;;;;;;;;;;;;;;;15
21007A40-;1242;;0;40;0;31;8;12;0;59;0;8;4;2;0;0;21;0;204;5;244;1889
21007A41-;293;;0;15;0;1;2;5;0;15;0;0;2;0;0;0;2;2;55;1;63;452
21007A50-;2024;8;1;78;1;84;5;23;3;90;2;8;8;3;2;0;18;5;162;6;219;2876
21007A51-;651;2;0;25;0;20;1;16;0;14;0;6;1;0;2;0;5;2;31;0;48;866
21007A52-;325;1;0;25;1;22;2;1;0;16;0;0;3;0;0;0;0;0;39;0;43;489
21007A53-;1525;12;1;87;0;76;8;27;0;81;0;32;3;2;1;0;19;16;116;0;168;2285
21007A541;417;2;0;15;0;31;1;5;0;28;0;1;0;0;2;0;1;0;10;1;15;548
21007A552;182;2;0;7;0;18;4;2;0;5;0;0;0;0;0;0;0;0;2;0;2;248
21007A60-;2441;7;2;146;0;67;8;62;1;116;0;24;8;2;1;0;19;34;644;7;756;4005
21007A61-;2954;11;1;132;3;143;13;80;3;157;0;28;19;2;0;0;32;33;489;6;618;4811
21007A70-;2261;18;1;55;0;166;22;12;1;79;1;6;1;0;1;8;11;1;8;0;25;2860
21007A71-;680;4;3;30;0;66;3;9;0;74;0;3;2;1;2;0;21;1;28;4;61;1052
21007A72-;2654;27;7;76;5;246;30;26;2;103;3;24;3;6;6;1;36;3;64;12;146;3754
21007A73-;1330;24;3;35;5;254;43;7;7;47;0;4;1;0;2;1;11;11;10;1;58;2045
21007A75-;709;12;0;28;5;43;7;5;1;21;0;2;0;0;0;2;3;1;2;1;11;927
21007A783;199;5;1;7;0;18;2;4;1;8;0;0;0;0;1;0;0;0;6;0;6;262
21007A79-;;;;;;;;;;;;;;;;;;;;;;2
21007A814;95;1;0;2;0;17;7;0;1;9;0;0;0;1;1;0;0;0;0;0;0;140
21008A00-;807;3;0;10;3;11;1;3;0;1;0;1;1;0;0;0;6;0;28;1;37;934
21008A01-;498;2;0;11;0;9;0;0;0;5;0;2;0;0;0;0;5;1;9;2;18;570
21008A02-;2139;12;0;45;0;52;6;13;1;18;0;26;7;0;2;0;9;7;76;2;116;2597
21008A10-;2171;5;0;47;3;104;6;5;0;50;0;20;6;2;0;0;13;5;68;2;105;2720
21008A20-;2697;3;1;56;0;53;8;9;2;15;0;9;12;6;0;0;21;14;80;2;147;3243
21008A21-;1767;7;0;27;0;36;4;5;0;4;0;1;2;0;0;0;20;0;3;0;32;1990
21008A220;2490;1;0;29;0;50;5;1;0;6;0;6;4;0;0;0;23;7;56;0;108;2780
21008A23-;49;;0;1;0;1;0;1;0;0;0;0;0;0;0;0;0;0;1;0;1;58
21008A240;1249;;0;11;0;18;0;1;1;1;0;7;3;0;0;0;2;0;5;0;8;1334
21008A29-;;;;;;;;;;;;;;;;;;;;;;3
21008A30-;1181;;0;8;0;19;4;6;0;5;0;4;1;0;0;1;11;3;6;0;28;1301
21008A31-;287;;0;2;0;6;0;0;0;4;0;0;0;0;0;0;1;0;2;0;3;321
21008A32-;1189;2;0;17;0;24;5;3;1;10;0;2;1;0;0;0;11;3;16;3;37;1369
21008A33-;837;1;0;10;0;21;1;5;0;4;0;2;0;0;0;0;1;1;21;1;26;951
21008A34-;512;;0;4;0;5;1;1;0;0;0;0;0;0;0;0;1;0;0;0;1;531
21008A35-;303;1;0;7;0;3;0;2;0;2;0;0;0;0;0;0;0;0;0;0;0;324
21009A00-;1259;57;8;79;5;213;51;15;14;56;2;7;7;20;5;2;12;12;55;11;129;2240
21009A01-;1040;23;10;45;3;195;20;10;2;48;0;31;3;8;2;0;17;3;82;5;152;1850
21009A02-;1986;47;22;62;2;295;40;11;5;77;1;16;4;13;9;1;37;6;117;8;249;3211
21009A03-;1117;5;17;43;12;166;44;9;5;78;1;6;5;15;5;0;5;5;36;2;68;1894
21009A041;1127;92;19;58;10;322;85;39;18;18;8;25;3;11;13;0;9;3;47;3;100;2352
21009A051;513;19;5;26;4;117;33;11;8;25;0;3;3;4;5;1;13;3;24;5;53;1024
21009A101;1073;16;6;25;2;136;16;8;5;109;3;11;9;5;1;0;6;10;63;7;121;1761
21009A111;1963;35;0;48;3;230;26;8;7;182;0;10;4;18;1;2;12;12;158;8;245;3104
21009A121;507;32;4;13;6;123;42;6;11;39;1;11;0;1;3;0;6;1;4;1;21;1006
21009A13-;724;33;4;40;10;142;53;18;9;53;3;13;3;7;11;0;19;3;22;2;53;1374
21009A151;604;12;1;15;2;80;12;4;0;27;2;5;0;0;0;0;7;6;12;0;30;881
21009A192;;;;;;;;;;;;;;;;;;;;;;11
21009A2MJ;43;6;1;25;1;146;5;12;0;4;0;5;11;1;7;2;1;3;11;0;48;449
21009A20-;1853;33;9;47;10;212;36;14;1;26;0;19;7;14;5;0;35;14;57;11;170;2960
21009A21-;1748;26;1;54;1;230;32;17;7;104;1;28;8;14;3;0;39;6;64;8;188;2904
21009A22-;2552;48;10;58;19;285;50;38;13;55;0;27;10;7;12;0;19;9;24;6;90;3665
21009A23-;1296;62;3;47;14;248;58;37;11;57;1;10;15;24;13;4;23;4;12;5;86;2413
21009A29-;;;;;;;;;;;;;;;;;;;;;;2
21009A301;692;19;1;10;12;80;11;11;4;14;0;2;2;1;5;1;4;0;4;0;12;964
21009A311;180;;0;1;0;12;6;2;2;7;1;2;2;0;0;1;0;0;0;1;3;244
21009A33-;2816;34;1;56;2;216;42;27;4;42;2;19;7;4;11;4;12;6;36;11;103;3788
21009A34-;495;;0;4;0;18;4;0;0;4;0;0;0;0;0;0;2;0;3;1;9;544
21009A40-;997;51;6;41;7;210;55;21;9;55;0;11;4;14;7;5;15;1;5;0;47;1807
21009A41-;1167;42;11;42;9;230;36;16;10;40;3;14;10;7;14;11;10;0;18;7;47;2105
21009A42-;1476;72;14;72;11;324;65;19;9;34;2;6;10;9;10;1;9;2;10;2;53;2639
21009A43-;1088;41;16;29;6;217;65;17;5;21;0;3;9;0;2;0;5;0;5;4;20;1750
21009A44-;972;42;5;52;6;212;63;11;5;36;0;7;4;4;2;2;6;5;37;1;64;1747
21009A451;1070;54;18;48;11;256;87;24;21;34;3;29;8;4;19;2;8;6;16;5;43;2101
21009A501;186;7;3;18;4;39;19;4;2;6;1;1;3;4;2;0;0;0;6;0;9;391
21009A512;76;9;3;12;0;15;3;3;3;1;0;0;0;0;0;0;0;0;1;1;2;158
21009A52-;2201;36;2;56;13;232;30;11;9;60;4;17;0;4;1;0;22;5;209;3;291;3309
21009A53-;1470;66;12;97;16;272;80;20;11;45;2;8;6;31;10;1;90;4;76;10;329;3117
21009A542;239;1;4;3;1;60;11;11;4;8;0;5;2;0;5;1;5;2;3;0;18;490
21009A552;481;19;5;26;4;113;23;14;4;16;2;3;7;2;1;7;13;2;12;6;54;944
21009A602;160;11;0;2;0;34;11;0;0;68;1;1;0;2;0;0;7;1;8;1;21;355
21009A612;1952;51;9;55;5;257;36;12;6;205;1;8;4;0;2;2;19;11;67;7;121;3101
21009A623;137;1;0;9;1;44;14;10;1;17;0;0;3;2;1;0;1;1;1;0;10;326
21009A63-;1561;65;7;46;7;209;69;25;13;44;2;10;6;4;8;1;9;3;39;3;71;2495
21009A652;1345;1;5;61;10;79;18;5;0;27;0;2;0;0;1;1;23;8;42;1;82;1744
21009A712;392;42;2;25;4;108;33;8;7;12;2;5;4;1;3;1;3;0;6;0;12;821
21009A72-;754;49;7;51;9;217;76;17;20;37;0;10;3;5;4;1;9;3;8;2;28;1576
21009A73-;1368;89;13;48;3;332;66;22;21;40;0;10;3;2;1;0;3;5;2;2;21;2390
21009A802;139;8;0;16;5;39;8;7;8;2;0;1;0;0;1;0;1;0;0;1;3;316
21009A812;284;;2;8;0;28;6;0;8;4;0;0;6;0;11;0;0;2;4;0;8;403
21009A82-;848;14;3;22;5;69;29;40;7;12;0;3;0;2;15;12;4;3;5;0;18;1253
21009A83-;213;2;0;4;0;4;1;1;0;9;0;0;0;0;0;0;1;1;5;1;9;252
21009A90-;905;19;5;24;2;115;21;4;0;16;0;6;2;7;5;0;12;2;17;1;59;1396
21009A911;1095;14;18;21;1;143;15;5;11;32;0;3;4;9;1;4;14;1;14;0;47;1555
21009A922;182;1;1;3;0;16;3;0;1;7;0;4;0;1;0;0;0;0;6;0;7;262
21010A00-;4711;11;1;68;0;103;13;15;2;25;0;15;17;0;2;0;25;8;78;4;150;5410
21010A01-;3493;9;0;38;0;69;11;12;2;27;0;8;24;1;0;0;44;4;127;4;202;4096
21010A02-;2861;5;0;40;1;76;2;11;0;35;0;1;9;2;0;2;33;4;154;7;220;3508
21010A03-;2359;6;0;33;0;65;1;17;0;16;0;10;11;1;0;0;35;1;61;7;126;2828
21010A04-;3031;8;4;67;0;62;9;5;1;32;0;33;14;1;1;0;46;16;112;6;216;3787
21010A05-;3454;16;1;95;0;101;6;16;2;37;0;47;8;3;0;0;34;14;211;4;308;4436
21010A1AJ;1323;2;1;30;0;35;6;4;0;9;0;0;0;0;1;0;4;0;5;0;22;1487
21010A10-;1684;1;0;23;0;44;7;1;0;13;0;9;1;1;0;0;11;6;14;0;48;1939
21010A111;2425;3;2;21;1;47;8;2;1;16;0;7;8;0;0;0;26;1;20;3;60;2748
21010A121;1000;6;0;15;2;33;2;4;0;1;0;2;3;0;0;0;4;3;6;0;15;1122
21010A13-;3497;4;0;38;0;60;1;6;0;15;0;8;4;1;0;0;31;2;32;1;78;3872
21010A141;3241;;0;38;4;78;3;13;0;17;0;19;7;3;0;0;22;8;88;1;137;3707
21010A182;;;;;;;;;;;;;;;;;;;;;;4
21010A21-;2617;3;0;40;0;63;2;19;1;13;2;24;11;0;0;0;40;12;97;5;182;3243
21010A312;643;1;0;9;0;7;0;2;0;5;0;0;5;0;0;0;14;0;12;0;34;732
21010A393;86;;0;1;0;2;0;0;0;0;0;1;0;0;0;0;1;0;0;0;1;95
21010A493;34;;1;2;0;1;0;0;0;1;1;8;9;0;0;0;2;0;1;0;32;132
21011A00-;1470;4;1;22;1;49;3;17;0;17;0;54;25;1;0;0;9;3;166;5;208;2058
21011A01-;2708;2;0;55;0;82;4;59;0;16;0;17;41;0;0;0;34;14;285;5;369;3559
21011A02-;1276;;0;14;0;31;1;6;0;12;0;22;14;1;0;0;21;8;202;4;250;1757
21011A10-;1711;1;0;65;1;69;2;9;0;33;0;6;13;0;0;0;15;8;43;2;76;2130
21011A11-;1544;5;0;41;0;41;9;16;0;17;0;10;8;0;0;0;3;5;24;5;54;1864
21011A12-;1469;2;1;34;1;29;3;7;0;21;0;0;3;0;0;0;5;2;14;0;33;1667
21011A20-;2454;3;3;40;3;88;6;19;1;36;0;36;14;0;5;0;21;3;84;7;143;3082
21011A30-;1747;6;2;35;3;82;6;19;1;17;0;21;12;0;1;1;42;7;138;6;208;2378
21012A00-;1500;9;0;24;0;45;6;10;0;9;0;23;28;1;0;0;25;9;376;1;467;2277
21012A011;637;2;0;11;0;29;1;1;2;5;0;0;16;1;0;0;0;4;127;0;137;905
21012A02-;682;2;0;5;0;38;1;0;0;4;0;1;3;0;0;0;23;9;88;1;124;894
21012A03-;1388;4;0;17;0;47;3;7;0;19;0;0;16;2;0;0;6;9;285;0;332;1964
21012A041;1357;1;0;27;0;36;1;11;0;9;0;9;35;0;0;0;13;8;311;0;355;1971
21012A05-;730;2;0;13;0;38;0;13;0;2;0;12;5;0;0;0;6;6;164;2;191;1087
21012A10-;1366;1;0;17;0;43;1;6;1;1;0;39;39;0;0;0;8;2;385;3;424;2118
21012A11-;494;3;0;23;0;15;1;8;0;24;0;12;1;0;0;0;21;2;113;0;198;891
21012A12-;712;1;0;11;0;22;1;7;0;3;0;4;0;0;0;0;10;3;128;1;165;1019
21012A13-;697;;0;34;0;43;4;15;0;8;0;7;6;4;0;0;6;0;148;1;157;1065
21012A141;1766;4;0;24;0;52;0;4;0;7;0;15;4;0;0;6;15;10;333;2;401;2394
21012A152;3362;6;0;61;1;168;4;17;0;21;0;23;60;2;0;1;52;26;1023;5;1164;5219
21012A172;762;;0;2;0;36;1;2;0;10;0;18;19;0;0;0;6;10;158;1;190;1082
21012A20-;1351;3;1;57;0;48;7;11;1;45;0;5;9;3;0;1;17;2;75;2;121;1826
21012A21-;1343;4;0;16;0;24;1;3;0;2;0;0;8;0;0;0;17;0;115;1;155;1603
21012A22-;210;;0;4;0;12;0;0;0;9;0;0;1;0;0;0;4;0;3;0;7;256
21012A23-;2218;4;0;54;0;60;3;13;0;26;0;8;3;0;1;0;10;0;32;0;47;2564
21012A24-;2596;4;0;49;0;70;1;20;1;30;0;16;15;0;0;0;46;12;95;1;170;3231
21012A25-;665;;0;12;0;8;2;0;0;9;0;3;1;1;0;0;3;2;42;0;52;772
21012A26-;3012;7;2;86;1;56;6;31;0;24;0;4;0;0;0;0;17;3;29;0;64;3473
21012A30-;1401;1;0;71;0;14;1;20;1;16;0;7;8;2;0;0;17;0;28;0;53;1712
21012A39-;16;;0;0;0;0;0;0;0;0;0;0;0;0;0;0;0;0;0;0;0;20
21012A41-;1075;7;0;27;0;25;1;4;0;7;0;1;4;0;0;0;1;7;18;1;27;1242
21012A50-;2045;2;0;44;0;35;6;1;2;28;0;9;19;0;0;0;30;6;28;0;81;2412
21012A511;1774;2;0;42;0;52;3;4;0;19;0;18;23;1;0;1;41;9;130;3;204;2355
21012A52-;2471;7;0;64;0;66;2;31;0;43;0;6;4;2;0;0;27;1;72;1;125;3010
21012A53-;241;;0;2;0;2;0;0;0;0;0;0;7;0;0;0;0;1;38;0;41;301
21012A54-;1908;1;0;33;0;42;2;10;0;14;0;12;19;1;1;0;47;3;219;2;294;2499
21012A552;903;4;0;34;0;32;3;16;0;7;0;8;10;0;3;1;26;5;75;4;119;1250
21012A59-;;;;;;;;;;;;;;;;;;;;;;1
21012A60-;3087;6;0;54;0;117;3;4;0;28;0;77;38;1;0;1;37;15;521;2;626;4287
21012A611;923;4;0;12;0;24;1;3;0;20;0;13;7;0;1;0;16;0;163;3;208;1332
21012A62-;3383;8;3;65;4;127;3;19;0;30;0;51;37;1;0;1;83;19;507;7;739;4844
21012A63-;1340;1;0;20;1;59;3;4;0;9;0;17;11;0;0;1;33;9;204;2;267;1841
21012A672;1535;2;0;13;1;51;3;21;0;7;0;31;30;0;0;0;9;12;273;2;333;2121
21012A71-;2626;6;0;19;4;135;1;9;0;19;0;55;76;0;0;0;20;5;487;7;578;3762
21012A72-;1885;;0;15;0;73;4;17;0;6;0;28;113;1;0;0;36;9;393;2;495;2834
21012A732;647;;0;6;0;35;7;0;1;11;0;12;25;3;0;0;7;5;169;1;200;1010
21012A811;488;;0;9;0;10;1;5;0;4;0;8;1;0;0;0;5;1;20;0;27;601
21012A822;3138;1;1;82;0;63;2;25;1;17;0;4;11;0;0;0;42;11;91;4;163;3722
21012A833;470;;0;2;0;5;0;0;0;0;0;1;0;0;0;0;4;0;5;0;13;503
21012A84-;1546;2;0;21;0;29;4;1;0;8;0;2;3;5;0;0;24;1;29;0;60;1757
21012A851;684;5;0;8;0;14;2;9;0;2;0;0;7;0;0;0;12;0;16;0;30;799
21012A882;69;;0;2;0;0;0;2;0;0;0;0;0;0;0;0;3;0;2;0;5;84
21013A00-;2271;41;3;144;1;218;32;14;2;125;0;22;6;2;3;3;18;9;60;3;123;3372
21013A01-;1773;51;10;86;4;212;42;17;13;177;0;5;2;1;0;0;21;6;56;8;116;2929
21013A02-;1565;5;14;74;7;283;64;29;8;52;1;5;3;11;2;6;31;14;17;2;110;2655
21013A031;642;38;5;32;4;107;35;6;12;31;1;8;1;8;4;0;10;2;14;4;37;1222
21013A04-;1075;31;4;44;2;152;22;6;7;23;0;2;4;0;1;2;4;4;26;0;49;1564
21013A052;518;23;5;30;3;136;20;21;7;28;1;5;4;3;3;0;6;1;8;0;23;1011
21013A101;1200;8;0;111;1;106;7;31;0;256;0;15;6;6;0;0;7;5;165;5;210;2248
21013A102;215;2;1;30;0;29;2;9;0;23;0;7;0;0;0;0;0;3;17;3;27;400
21013A11-;969;15;2;51;1;83;21;12;1;70;0;13;1;7;2;2;10;19;47;2;100;1536
21013A121;449;2;0;38;0;23;0;8;0;84;0;0;0;0;0;0;2;6;77;1;100;834
21013A13-;1507;8;0;127;2;92;10;42;0;106;0;17;10;1;2;0;8;25;240;6;300;2432
21013A151;954;14;1;49;3;135;21;25;3;76;0;6;2;4;1;0;8;7;75;7;137;1682
21013A2MJ;48;;0;0;0;1;0;0;0;0;0;0;1;0;0;0;1;0;0;0;1;54
21013A201;815;6;1;121;3;55;13;59;1;186;0;16;13;6;1;0;23;8;145;2;225;1736
21013A211;1542;13;3;126;0;93;6;33;0;92;0;25;12;1;0;0;8;3;79;4;121;2238
21013A22-;2129;6;0;176;0;71;1;89;1;266;0;35;23;1;0;0;22;23;355;9;460;3593
21013A23-;782;3;0;72;0;22;2;23;1;70;0;9;5;8;0;0;10;2;191;8;222;1336
21013A242;828;2;0;70;0;38;5;82;1;121;0;17;12;1;0;1;10;6;197;3;241;1567
21013A252;1176;4;2;87;0;39;3;69;0;97;0;16;28;0;0;1;6;4;270;3;310;1995
21013A40-;984;15;0;64;7;99;8;42;2;221;0;16;19;1;1;0;5;5;93;1;137;1949
21013A41-;1514;22;8;104;1;156;8;9;9;173;1;29;1;4;1;1;11;10;82;0;126;2405
21013A422;1653;7;0;131;2;82;7;25;0;250;0;23;8;0;1;0;13;29;282;5;355;2805
21013A51-;629;22;1;68;11;118;33;18;2;88;1;14;3;4;3;3;13;2;36;0;67;1352
21013A522;838;34;2;32;2;160;30;21;3;27;2;21;2;7;4;0;14;17;17;1;70;1526
21013A612;89;1;0;23;0;2;0;3;0;67;0;0;0;0;0;0;0;0;13;0;19;233
21013A623;26;;1;3;0;4;0;0;0;5;0;0;0;0;0;0;0;0;3;5;8;50
21014A00-;1983;23;2;52;4;86;22;21;3;23;1;20;140;15;9;0;43;11;168;4;276;3011
21014A01-;646;4;4;24;0;25;1;3;0;9;0;8;45;1;1;0;15;2;52;2;81;952
21014A02-;808;37;4;37;5;97;24;8;9;31;1;50;23;19;1;0;30;11;63;4;134;1519
21014A03-;629;3;0;14;1;40;4;3;1;10;0;2;30;0;0;0;18;6;27;2;66;896
21014A04-;1943;7;6;27;4;85;9;5;0;30;1;8;251;1;2;0;20;11;248;3;315;2924
21014A05-;4305;21;1;68;2;149;20;16;3;46;1;45;443;8;2;2;97;18;374;14;638;6522
21014A10-;1783;3;2;24;0;16;1;3;0;3;0;1;194;4;0;0;21;19;228;5;284;2400
21014A12-;162;3;0;6;0;6;1;0;0;2;0;7;2;1;0;0;13;0;17;0;42;274
21014A13-;;;;;;;;;;;;;;;;;;;;;;1
21014A14-;662;4;0;12;0;20;4;1;0;0;0;17;81;0;0;0;10;4;92;0;129;1009
21014A18-;;;;;;;;;;;;;;;;;;;;;;1
21014A3MJ;305;4;0;6;0;45;0;5;2;3;0;0;2;15;3;0;1;1;5;0;8;437
21014A41-;2637;2;1;28;5;59;16;4;1;8;0;4;297;1;2;1;24;34;285;4;377;3665
21015A00-;4781;14;1;65;1;167;4;69;1;35;0;41;319;4;1;3;33;17;676;4;831;6815
21015A01-;653;5;0;6;1;13;4;2;2;5;2;12;19;0;1;0;2;0;38;0;42;819
21015A021;2193;14;0;34;0;60;5;16;3;6;0;15;223;0;0;0;12;9;264;4;328;3192
21015A03-;3001;4;0;49;0;68;8;33;0;25;0;23;449;0;5;6;30;20;248;5;321;4405
21015A04-;3133;8;1;20;0;39;4;32;0;6;1;17;628;1;1;0;19;14;339;2;427;4613
21015A05-;2673;1;1;33;1;98;16;44;7;19;0;11;450;5;1;0;29;11;242;9;359;4038
21015A101;1138;7;0;18;1;31;2;7;0;13;0;7;32;2;2;0;19;2;90;0;121;1480
21015A111;1877;11;0;47;0;48;2;9;1;23;0;12;32;0;0;0;6;4;155;5;187;2419
21015A12-;1659;13;0;50;2;71;18;11;5;8;1;8;17;0;1;0;18;2;75;2;104;2117
21015A13-;1292;2;2;29;0;53;7;12;1;16;0;19;35;1;0;1;25;4;209;0;264;1869
21015A142;131;;0;3;0;3;0;0;0;0;0;0;12;0;0;0;3;2;7;0;15;180
21015A152;2288;14;0;71;0;57;6;6;1;14;0;19;84;0;1;0;41;11;356;4;462;3250
21015A20-;3506;9;4;42;2;103;16;14;0;37;0;26;137;1;1;0;28;11;226;1;310;4553
21015A21-;1505;;0;16;4;34;2;9;0;24;0;7;43;1;0;0;21;6;153;2;189;1943
21015A22-;2368;4;2;11;4;66;8;11;3;18;0;0;46;0;0;0;24;17;154;0;217;2907
21015A231;893;1;1;10;1;37;4;6;0;18;0;5;28;0;0;0;17;1;64;0;104;1201
21015A24-;1719;9;0;23;0;71;8;16;2;13;0;16;55;1;0;0;22;6;192;0;248;2367
21015A272;83;;0;0;0;4;0;0;2;0;0;0;6;0;0;0;0;0;2;0;2;106
21015A30-;2192;36;4;40;3;155;29;20;7;101;0;20;76;9;2;2;23;6;128;9;200;3335
21015A31-;1625;23;0;32;0;79;9;6;5;53;0;16;25;1;1;0;23;5;69;8;119;2325
21015A32-;1942;39;4;46;4;101;27;12;5;28;0;16;43;2;0;0;21;6;61;1;102;2624
21015A33-;1405;1;3;16;2;73;30;14;3;51;0;4;54;6;1;0;26;4;81;3;139;2062
21015A34-;1069;27;4;15;1;48;10;9;0;14;0;9;35;0;1;1;11;1;36;0;59;1451
21015A35-;1344;21;6;30;3;66;18;13;5;35;0;4;15;2;1;0;9;3;41;1;70;1850
21015A36-;1257;19;4;36;6;72;19;24;4;50;0;3;21;0;1;0;11;4;22;2;56;1726
21015A39-;;;;;;;;;;;;;;;;;;;;;;6
21015A40-;1815;4;5;34;0;43;2;40;0;2;0;52;269;0;0;0;14;7;339;3;489;3084
21015A41-;2006;4;0;40;0;50;9;71;0;14;0;14;167;0;0;0;19;9;383;0;438;3017
21015A421;988;2;0;13;0;33;3;7;1;4;0;8;190;2;1;0;5;6;111;1;188;1558
21015A43-;803;4;1;10;0;27;1;27;0;3;0;22;83;0;0;0;25;8;102;4;182;1242
21015A44-;2018;2;0;25;0;49;1;76;1;36;0;13;309;1;0;0;13;2;237;0;278;2998
21015A45-;1069;2;0;17;0;32;2;25;0;19;0;3;81;0;0;0;16;5;254;1;288;1586
21015A50-;2804;88;14;138;23;285;114;63;36;83;6;11;13;16;4;0;57;5;31;6;145;4447
21015A51-;1052;16;3;50;12;90;29;6;15;32;0;9;1;4;3;0;4;0;5;5;23;1494
21015A52-;1645;52;12;67;20;144;71;25;9;102;3;23;4;2;3;1;10;2;21;1;46;2533
21015A53-;1560;32;6;50;4;89;26;28;8;93;2;25;53;10;2;0;20;1;73;4;125;2508
21015A54-;3157;6;14;95;25;197;64;31;14;87;0;22;23;13;2;0;27;6;85;3;152;4534
21015A612;2435;5;3;38;0;47;6;51;2;9;0;17;252;3;0;0;24;7;287;0;415;3586
21015A622;588;7;0;5;0;21;7;11;0;9;1;0;26;4;0;0;0;0;18;0;19;752
21015A63-;960;5;2;30;3;55;4;16;3;11;0;5;54;0;1;0;4;2;43;3;61;1366
21015A64-;1925;16;2;15;0;55;10;22;3;19;0;1;179;1;0;0;4;10;175;1;201;2637
21015A70-;1724;9;0;41;1;64;18;26;3;34;0;15;27;2;1;0;21;3;36;4;78;2253
21015A71-;666;3;0;19;0;20;10;7;1;16;0;1;3;0;0;0;19;0;1;1;32;826
21015A721;759;4;0;11;0;19;5;2;6;8;0;6;3;7;0;0;14;0;12;1;30;926
21015A73-;523;1;0;12;0;31;12;8;0;11;0;0;2;0;0;0;9;1;9;0;22;681
21015A77-;1069;3;2;11;0;28;5;2;0;9;0;12;3;0;2;0;12;0;33;1;61;1286
21015A782;161;;0;2;0;7;0;2;0;6;0;1;0;0;0;0;7;0;15;0;24;222
21015A811;1157;15;1;18;0;36;8;2;6;7;0;2;9;0;0;0;5;1;28;1;43;1364
21015A822;326;;0;4;0;10;3;0;0;4;0;0;2;3;0;0;4;1;4;0;9;398
21015A831;2830;25;5;65;0;86;23;31;2;30;1;9;16;27;3;0;6;4;28;4;69;3417
21015A883;272;1;0;9;0;14;0;0;0;2;0;0;3;3;0;0;0;0;1;0;1;315
21016A00-;3051;35;2;43;9;383;45;8;2;39;2;19;5;1;4;4;26;4;24;0;87;4027
21016A01-;2863;51;9;45;4;564;58;29;7;24;1;7;3;0;10;6;12;15;23;5;74;3923
21016A02-;2137;5;1;59;0;154;16;19;5;64;0;37;8;3;1;0;50;20;79;7;191;3018
21016A03-;2020;2;12;37;1;301;33;8;1;39;0;10;3;0;4;6;8;3;2;4;47;2709
21016A042;389;7;3;10;0;62;6;10;1;3;0;0;0;0;3;4;1;0;2;0;5;525
21016A05-;2808;19;8;85;4;268;35;8;4;136;0;9;3;1;1;3;21;8;50;5;125;3858
21016A102;1378;32;10;41;0;193;22;15;2;18;0;9;1;0;0;17;6;0;5;0;12;1892
21016A111;549;13;12;19;1;124;17;5;10;23;0;0;0;0;3;1;0;0;1;0;7;902
21016A12-;1447;46;28;18;4;314;42;11;21;37;0;10;5;1;10;12;4;3;8;7;27;2330
21016A13-;;;;;;;;;;;;;;;;;;;;;;5
21016A193;;;;;;;;;;;;;;;;;;;;;;2
21016A214;266;11;3;2;0;57;7;3;0;4;0;4;0;0;0;2;2;0;0;0;2;429
21016A225;334;6;3;10;0;56;1;10;1;13;3;0;0;0;2;4;0;0;0;0;6;511
21016A232;968;22;4;27;1;119;27;5;7;29;0;1;1;0;5;0;8;0;10;4;32;1386
21016A311;1025;42;29;12;1;205;42;1;1;18;0;2;2;3;0;0;0;0;3;1;8;1656
21016A322;509;4;3;11;0;55;10;3;1;25;0;4;1;0;0;0;6;0;1;0;9;696
21016A331;223;1;1;5;0;15;2;3;0;1;0;0;0;0;0;1;2;0;0;1;3;280
21016A342;2354;61;26;38;1;628;69;11;14;73;2;1;3;0;7;15;9;0;6;1;28;3605
21016A39-;;;;;;;;;;;;;;;;;;;;;;11
21016A400;1951;29;12;56;0;177;21;5;5;39;0;2;2;1;0;1;9;4;6;1;35;2502
21016A410;492;28;8;6;3;118;7;0;5;8;0;0;0;4;3;6;2;0;0;0;3;754
21016A429;1381;27;13;25;0;165;30;8;2;7;0;5;2;0;0;5;2;0;1;0;5;1776
21016A44-;1700;26;9;34;1;252;62;11;8;11;0;0;0;0;0;3;8;7;10;5;33;2288
21016A490;204;3;0;1;0;29;3;0;0;11;0;0;0;0;0;1;0;0;1;0;2;274
21016A521;385;6;0;4;0;31;3;0;0;1;0;0;0;0;0;4;0;0;2;0;2;464
21016A533;491;;0;9;0;26;4;0;0;0;0;0;0;0;0;0;0;0;1;0;1;567
21016A601;608;4;0;10;0;19;0;0;0;18;0;0;0;0;0;0;2;0;0;1;3;688
21016A610;386;;0;1;0;39;4;3;1;1;0;0;0;0;0;0;1;0;0;0;1;445
21016A620;786;5;4;7;0;119;3;10;1;3;0;1;0;0;0;2;0;0;1;0;1;972
21016A639;2284;3;1;33;0;93;2;4;4;7;0;1;0;0;2;0;1;5;17;0;36;2530
21016A64-;1356;;1;31;0;47;6;2;0;20;0;1;0;0;0;9;13;4;7;0;38;1571
21016A65-;634;9;0;17;0;18;2;0;0;23;0;3;0;0;0;1;3;9;15;0;27;790
21016A692;;;;;;;;;;;;;;;;;;;;;;3
21016A701;1817;6;2;41;0;66;7;19;0;38;0;19;5;0;0;0;25;4;30;11;104;2270
21016A71-;1334;6;0;39;0;52;14;2;4;8;0;0;0;0;1;5;1;1;3;0;8;1536
21016A72-;694;1;1;8;0;16;1;0;0;4;0;0;0;0;0;0;3;1;18;1;24;770
21016A731;403;;0;13;0;12;2;5;0;5;0;0;0;0;0;1;1;0;0;1;2;456
21016A772;425;;0;7;0;21;0;6;0;5;0;1;0;0;1;0;1;1;36;0;41;521
21016A80-;1650;46;14;54;4;282;48;11;6;45;0;23;11;3;5;4;9;6;25;2;65;2542
21016A81-;1890;41;10;73;13;317;56;18;8;66;0;21;26;0;13;9;5;3;15;3;38;3027
21016A82-;3098;48;4;99;4;570;77;52;14;132;1;14;15;47;18;17;29;18;22;7;114;4853
21016A831;2017;33;11;34;3;316;51;11;6;27;2;14;5;1;11;5;15;3;6;0;38;2824
21016A841;172;;0;1;0;16;10;1;1;9;0;0;0;0;0;0;0;0;0;0;0;379
21016A85-;1392;7;2;27;3;124;21;15;1;53;0;3;0;3;7;38;8;4;11;1;28;1915
21016A901;1596;28;7;13;0;180;19;18;1;37;0;6;0;0;1;0;9;0;12;7;37;2022
21016A912;717;2;0;19;1;56;5;1;3;17;0;1;0;4;0;0;2;1;1;0;8;863
21016A922;749;5;4;18;0;39;2;0;0;15;0;1;0;0;1;0;2;4;2;0;12;901
21016A933;2143;15;8;50;0;149;11;12;1;42;0;14;9;2;1;8;18;2;4;0;44;2640
21016A943;732;1;0;11;0;48;3;3;0;13;0;4;2;0;0;0;10;0;7;1;21;927
21016A954;225;;0;8;0;11;1;0;1;6;0;2;0;0;0;0;5;0;5;0;10;273
21017A000;848;12;1;5;0;32;11;0;1;9;0;3;0;4;4;0;1;0;2;0;4;1010
21017A01-;1137;8;2;8;0;50;24;1;5;3;0;0;0;0;1;0;2;0;2;0;16;1297
21017A021;337;1;0;0;0;7;8;5;3;1;1;0;0;0;0;0;0;0;0;0;1;401
21017A031;77;;0;1;0;3;2;0;0;0;0;2;0;4;2;0;0;0;0;0;0;121
21017A041;591;9;3;8;8;67;15;8;0;2;0;3;0;0;10;1;1;2;1;0;5;808
21017A08-;98;2;0;1;0;6;2;2;0;21;0;0;2;0;2;0;0;0;1;0;1;162
21017A09-;;;;;;;;;;;;;;;;;;;;;;14
21017A11-;1255;14;1;12;2;45;11;1;0;5;0;0;3;3;8;0;15;3;15;0;35;1423
21017A12-;1976;12;6;19;1;35;4;5;2;0;0;0;0;1;20;0;8;1;7;0;28;2142
21017A13-;1014;22;10;4;5;44;37;20;4;6;0;0;0;0;13;0;0;0;3;0;5;1261
21017A212;1328;41;17;12;4;110;32;18;13;17;0;4;0;0;28;0;8;0;6;0;17;1783
21017A220;591;2;0;10;0;11;0;0;0;0;0;0;0;2;0;0;1;0;5;0;12;640
21017A230;1122;2;4;9;4;32;26;2;5;5;0;0;0;1;8;0;3;0;1;0;6;1313
21017A240;591;5;0;1;0;23;7;8;1;5;0;0;0;1;7;0;3;0;0;0;5;695
21017A312;135;4;0;2;4;2;3;3;1;0;0;0;0;0;0;0;2;0;0;0;2;163
21017A323;74;;0;1;0;10;0;1;0;1;0;0;0;0;0;0;0;0;0;0;0;93
21017A374;305;1;0;1;0;9;0;1;0;2;0;0;0;0;0;0;1;1;2;0;4;334
21017A393;20;;0;0;0;0;0;0;0;0;0;0;0;0;0;0;0;0;0;0;0;23
21017A41-;1236;1;0;12;4;69;29;8;1;16;0;5;3;2;1;1;8;2;9;0;30;1527
21017A421;128;5;1;0;0;1;6;0;0;0;0;0;0;0;0;0;0;0;0;0;1;153
21017A432;912;2;6;8;0;27;8;2;7;2;0;0;1;2;5;0;0;0;6;1;10;1069
21017A443;625;;0;7;0;22;1;1;1;2;0;1;6;0;0;0;4;4;11;0;20;716
21017A451;1052;3;1;8;0;62;19;6;4;11;0;3;0;0;5;0;2;0;3;0;10;1244
21017A472;;;;;;;;;;;;;;;;;;;;;;5
21017A501;321;;0;6;1;18;12;1;0;0;0;0;0;0;3;0;0;0;2;0;4;390
21017A512;924;2;7;2;1;45;19;1;8;5;1;0;0;0;1;0;2;0;3;1;9;1081
21017A523;1218;17;5;10;0;57;18;5;2;21;0;7;1;1;82;1;10;0;1;5;18;1542
21017A534;180;1;0;0;0;2;2;0;4;0;0;0;0;0;0;0;0;1;0;0;1;195
21017A541;702;7;13;5;0;26;6;0;4;7;0;4;0;0;4;0;2;0;0;0;3;829
21017A613;84;9;2;2;0;11;1;0;0;0;0;0;0;0;0;0;0;0;0;0;0;118
21017A624;826;9;0;9;6;24;9;3;0;12;0;1;0;3;10;0;5;1;4;1;13;972
21017A635;326;2;1;11;0;19;2;0;4;2;0;0;0;0;4;0;0;0;0;0;2;425
21017A696;82;;0;0;3;0;0;0;0;0;0;0;0;0;0;0;0;0;0;0;0;91
21018A00-;1041;2;1;21;5;47;19;21;12;38;4;6;2;0;9;0;10;2;4;1;24;1397
21018A01-;538;3;2;13;4;26;14;13;1;10;0;1;1;0;1;0;2;0;1;0;6;682
21018A02-;904;3;1;16;20;68;27;14;5;17;0;4;5;0;12;0;8;0;2;1;18;1289
21018A031;1014;17;4;46;17;56;11;29;3;34;0;9;9;1;5;0;4;2;3;0;16;1403
21018A04-;1208;17;13;36;16;65;21;14;10;45;0;15;3;9;7;1;13;0;8;4;40;1683
21018A05-;988;14;1;25;2;57;17;8;5;18;1;19;0;0;21;0;9;0;5;0;21;1305
21018A09-;162;1;1;4;2;17;14;1;4;7;3;0;0;0;9;0;0;0;0;1;3;282
21018A12-;329;2;3;18;3;21;19;5;0;2;0;3;8;5;136;0;0;0;1;0;2;692
21018A13-;475;;0;1;0;14;3;0;1;5;0;0;0;0;0;0;0;0;0;0;6;527
21018A14-;974;11;2;9;0;37;15;6;0;4;0;1;4;1;1;0;3;1;4;0;11;1138
21018A15-;186;1;3;5;0;3;0;0;0;1;0;1;0;0;0;0;0;0;0;0;5;215
21018A19-;;;;;;;;;;;;;;;;;;;;;;9
21018A20-;2095;53;8;50;21;185;70;17;22;46;2;16;5;22;6;0;12;4;12;3;43;2951
21018A21-;2022;46;8;97;15;180;59;16;10;68;5;4;5;8;11;1;15;0;5;2;44;2871
21018A22-;1024;14;6;49;14;95;25;32;3;41;0;4;8;11;4;2;4;0;2;1;17;1559
21018A24-;1437;57;3;40;11;143;40;22;9;42;0;9;3;3;1;0;2;4;6;0;23;2080
21018A3MJ;545;12;1;12;2;29;9;9;0;11;0;4;2;1;51;1;8;0;1;2;19;810
21018A30-;671;14;1;1;13;57;3;9;5;18;0;4;0;5;14;0;6;1;6;2;18;907
21018A311;1804;22;1;28;0;61;13;25;2;42;1;17;2;22;2;0;24;3;9;0;62;2267
21018A32-;277;5;0;7;4;6;0;0;0;7;0;0;0;0;0;0;0;0;1;0;3;331
21018A33-;1196;18;13;61;22;55;17;21;5;19;0;2;5;0;28;0;2;1;3;0;16;1677
21018A34-;416;11;0;15;14;19;12;4;8;29;0;0;0;4;10;0;0;0;0;0;0;620
21018A35-;690;1;0;4;0;20;0;0;0;0;0;0;0;0;0;0;4;1;3;2;27;768
21018A37-;150;2;0;3;0;14;0;0;0;5;0;3;1;0;0;0;0;0;0;0;0;180
21018A41-;1018;4;1;29;2;42;11;22;5;40;0;10;5;9;5;2;11;0;3;0;28;1344
21018A42-;862;24;3;12;2;65;16;32;6;25;0;11;1;0;5;0;1;0;4;1;13;1158
21018A43-;613;9;0;19;4;29;10;3;4;16;1;3;5;15;48;1;10;0;4;1;18;899
21018A512;1094;51;3;35;21;67;21;24;6;45;3;5;0;3;20;0;5;2;4;1;18;1612
21018A60-;370;3;0;10;0;21;1;0;0;0;0;0;0;0;0;0;1;0;0;0;1;426
21018A61-;1435;27;8;29;18;107;22;8;2;24;1;2;8;1;4;0;6;1;6;0;19;1874
21018A62-;2267;67;16;40;21;163;59;36;11;50;2;6;0;7;9;2;21;3;14;1;46;3124
21018A63-;1460;6;0;13;4;43;2;0;3;4;1;2;0;0;2;1;1;1;1;1;12;1629
21018A643;1556;13;0;24;5;51;14;43;2;24;0;10;1;3;9;0;21;4;17;0;68;1942
21018A72-;1111;62;5;66;23;178;84;27;12;39;1;5;4;6;6;0;1;1;3;1;20;2099
21018A81-;583;;0;6;1;34;1;3;1;0;0;0;0;2;0;0;2;1;1;0;10;661
21018A82-;386;21;0;6;3;29;18;3;6;7;0;0;1;0;7;0;0;0;0;0;6;542
21018A83-;579;16;0;19;7;78;21;16;1;14;0;8;1;4;43;0;0;0;0;0;6;925
21018A84-;743;5;0;6;0;36;0;1;0;3;0;0;0;0;0;0;7;0;3;0;23;835
21018A87-;152;18;0;10;2;200;2;4;0;10;0;8;1;2;0;0;47;8;21;4;173;708
21019A001;1143;26;1;20;6;49;28;12;5;17;0;2;2;0;14;0;3;0;7;2;22;1492
21019A01-;419;3;1;21;2;17;5;9;3;4;0;14;5;4;4;0;2;0;1;4;8;575
21019A02-;154;5;0;7;3;12;8;6;1;12;0;0;2;0;4;0;0;0;0;4;11;277
21019A03-;729;31;0;24;8;57;15;8;9;20;0;2;2;3;4;0;1;2;1;1;7;1037
21019A04-;624;42;4;23;6;75;12;12;6;11;0;0;2;4;1;0;1;0;0;0;8;920
21019A052;710;3;2;38;4;53;9;10;4;16;1;1;2;1;1;0;2;2;2;3;15;1006
21019A10-;1654;44;3;40;33;88;24;8;4;24;0;1;2;0;163;0;10;1;4;4;36;2278
21019A11-;650;65;3;9;9;39;44;18;9;9;0;1;2;0;3;0;2;0;1;0;6;977
21019A12-;423;14;0;7;6;34;12;5;3;3;0;2;0;0;4;0;0;0;0;0;1;561
21019A131;989;49;2;27;15;62;27;38;3;15;0;2;0;0;168;0;1;1;3;2;9;1569
21019A14-;923;14;0;14;12;43;15;4;8;7;0;1;2;0;57;0;7;0;2;1;16;1192
21019A15-;1415;11;4;11;6;33;14;1;1;16;0;3;1;0;2;0;9;2;11;2;29;1621
21019A20-;888;32;7;40;2;61;42;19;9;8;0;3;3;0;0;0;3;1;0;0;6;1229
21019A21-;1091;44;1;36;13;67;28;8;6;23;0;0;0;0;7;0;7;0;5;0;14;1478
21019A22-;412;12;0;8;5;47;14;12;7;8;0;4;0;0;3;0;0;0;1;0;5;637
21019A231;805;2;1;8;5;65;29;4;1;10;0;0;3;0;14;0;3;1;6;0;15;1093
21019A242;855;26;7;27;4;47;7;21;1;7;0;1;1;0;3;0;3;2;2;1;24;1087
21019A252;891;39;1;13;4;92;11;16;5;1;0;4;0;0;8;0;2;0;4;1;11;1200
21019A28-;27;6;2;1;0;7;6;6;0;8;0;0;3;0;0;0;0;0;0;0;1;91
21019A30-;586;35;4;39;6;50;19;16;2;16;1;3;2;1;19;0;1;3;0;0;5;872
21019A31-;770;29;9;18;9;49;34;25;8;32;2;1;3;4;7;0;1;0;2;0;8;1132
21019A32-;1676;8;24;43;20;150;31;24;10;31;1;12;1;6;26;0;8;8;3;1;30;2410
21019A33-;1171;29;4;60;7;82;35;24;5;30;0;1;4;1;30;0;6;0;4;2;19;1703
21019A34-;648;46;7;53;8;77;33;43;9;20;0;0;0;0;15;0;2;0;1;0;10;1074
21019A35-;840;48;3;41;10;106;52;29;6;27;3;11;0;0;16;2;5;0;2;0;9;1377
21019A40-;2194;64;4;39;11;135;50;18;4;8;0;1;2;0;13;0;2;0;2;6;15;2734
21019A41-;962;17;2;3;2;17;13;2;2;5;0;0;0;0;9;0;1;0;0;1;3;1077
21019A42-;617;18;4;18;0;34;19;8;0;16;0;0;2;1;14;0;1;0;4;0;9;845
21019A43-;357;21;1;5;7;35;17;9;0;12;0;0;0;0;0;1;2;0;0;1;6;536
21019A441;187;7;0;8;1;18;14;1;2;6;0;0;2;0;0;0;0;1;1;0;4;281
21019A45-;632;48;3;4;4;53;24;13;10;7;0;1;3;0;5;0;0;1;6;0;7;908
21019A492;;;;;;;;;;;;;;;;;;;;;;4
21019A51-;803;55;4;58;14;101;38;19;8;50;0;10;4;6;39;0;3;0;2;0;15;1419
21019A52-;757;26;2;46;6;63;28;16;15;41;2;0;0;3;1;1;4;2;1;0;20;1213
